	PSPSG1	PSPG4	PSPG19	PSPG21	PSPG27	PSPG44
At_73B1_S1	W	Q	H	G	E	Q
OAP00589.1	W	Q	H	G	E	Q
XP_013656217.1	W	Q	H	G	E	Q
XP_010432459.1	W	Q	H	G	E	Q
XP_002867133.1	W	Q	H	G	E	Q
XP_010437662.1	W	Q	H	G	E	Q
XP_010447136.1	W	Q	H	G	E	Q
CDY65497.1	W	Q	H	G	E	Q
XP_006283463.2	W	Q	H	G	E	Q
EOA16361.1	W	Q	H	G	E	Q
XP_013622675.1	W	Q	H	G	E	Q
ESQ53723.1	W	Q	H	G	E	Q
XP_024005196.1	W	Q	H	G	E	Q
XP_013653205.1	W	Q	H	G	E	Q
KFK30050.1	W	Q	H	G	E	Q
XP_009116435.1	W	Q	H	G	E	Q
XP_013603320.1	W	Q	H	G	E	Q
AID60126.1	W	Q	H	G	E	Q
XP_018471905.1	W	Q	H	G	E	Q
XP_018461188.1	W	Q	H	G	E	Q
VDD04670.1	W	Q	H	G	E	Q
XP_009108748.1	W	Q	H	G	E	Q
XP_013656192.1	W	Q	H	G	E	Q
CAA17559.1	W	Q	H	G	E	Q
VVB10420.1	W	Q	H	G	E	Q
KFK30052.1	W	Q	H	G	E	Q
EFH43394.1	W	Q	H	G	E	Q
KFK30049.1	W	Q	H	G	E	Q
XP_020875284.1	W	Q	H	G	E	Q
OAO99384.1	W	Q	H	G	E	Q
XP_006286265.1	W	Q	H	G	E	Q
NP_567953.1	W	Q	H	G	E	Q
XP_010526965.1	W	Q	H	G	E	Q
XP_019088273.1	W	Q	H	G	E	Q
VVB10422.1	W	Q	H	G	E	Q
XP_006412271.1	W	Q	H	G	E	Q
XP_022555843.1	W	Q	H	G	E	Q
XP_013656220.1	W	Q	H	G	E	Q
XP_009108750.1	W	Q	H	G	E	Q
XP_013627700.1	W	Q	H	G	E	Q
VDD04674.1	W	Q	H	G	E	Q
XP_010447141.1	W	Q	H	G	E	Q
XP_013735232.1	W	Q	H	G	E	Q
AID60125.1	W	Q	H	G	E	Q
XP_018461186.1	W	Q	H	G	E	Q
VDD00143.1	W	Q	H	G	E	Q
XP_013617858.1	W	Q	H	G	E	Q
XP_019057398.1	W	Q	H	G	E	Q
XP_018508799.1	W	Q	H	G	E	Q
XP_013656196.1	W	Q	H	G	E	Q
VDC73918.1	W	Q	H	G	E	Q
XP_022545705.1	W	Q	H	G	E	Q
XP_019089283.1	W	Q	H	G	E	Q
XP_010530755.1	W	Q	H	G	E	Q
XP_002883897.1	W	Q	H	G	E	Q
RID50499.1	W	Q	H	G	E	Q
XP_006283647.1	W	Q	H	G	E	Q
XP_018461192.1	W	Q	H	G	E	Q
RID50498.1	W	Q	H	G	E	Q
XP_018470040.1	W	Q	H	G	E	Q
XP_013653475.1	W	Q	H	G	E	Q
KFK30051.1	W	Q	H	G	E	Q
RID77500.1	W	Q	H	G	E	Q
KFK30053.1	W	Q	H	G	E	Q
XP_009108751.1	W	Q	H	G	E	Q
OAP10701.1	W	Q	H	G	E	Q
XP_013656193.1	W	Q	H	G	E	Q
XP_013627027.1	W	Q	H	G	E	Q
XP_013627701.1	W	Q	H	G	E	Q
XP_010488961.1	W	Q	H	G	E	Q
VDC82459.1	W	Q	H	G	E	Q
XP_013656221.1	W	Q	H	G	E	Q
RQL78781.1	W	Q	H	G	E	Q
KFK40015.1	W	Q	H	G	E	Q
XP_010518197.1	W	Q	H	G	E	Q
NP_001189528.1	W	Q	H	G	E	Q
XP_010530759.1	W	Q	H	G	E	Q
CDY13143.1	W	Q	H	G	E	Q
VDD00141.1	W	Q	H	G	E	Q
NP_179150.3	W	Q	H	G	E	Q
NP_567954.1	W	Q	H	G	E	Q
XP_013741207.1	W	Q	H	G	E	Q
XP_006409549.1	W	Q	H	G	E	Q
XP_006297553.1	W	Q	H	G	E	Q
XP_018489255.1	W	Q	H	G	E	Q
VDD04672.1	W	Q	H	G	E	Q
XP_009136271.1	W	Q	H	G	E	Q
AHL38663.1	W	Q	H	G	E	Q
NP_001189529.1	W	Q	H	G	E	Q
RID72215.1	W	Q	H	G	E	Q
KFK30045.1	W	Q	H	G	E	Q
RID77501.1	W	Q	H	G	E	Q
RID53060.1	W	Q	H	G	E	Q
XP_010447140.1	W	Q	H	G	E	Q
CDY36633.1	W	Q	H	G	E	Q
NP_179151.2	W	Q	H	G	E	Q
XP_018441848.1	W	Q	H	G	E	Q
OAO97622.1	W	Q	H	G	E	Q
VVB10423.1	W	Q	H	G	E	Q
XP_009117049.1	W	Q	H	G	E	Q
XP_013653309.1	W	Q	H	G	E	Q
AID60124.1	W	Q	H	G	E	Q
VDC96042.1	W	Q	H	G	E	Q
XP_013742687.1	W	Q	H	G	E	Q
XP_009119412.1	W	Q	H	G	E	Q
XP_002883898.1	W	Q	H	G	E	Q
XP_013653380.1	W	Q	H	G	E	Q
XP_013742689.1	W	Q	H	G	E	Q
XP_009116544.1	W	Q	H	G	E	Q
XP_013599004.1	W	Q	H	G	E	Q
VDC73919.1	W	Q	H	G	E	Q
XP_013667077.1	W	Q	H	G	E	Q
XP_022546212.1	W	Q	H	G	E	Q
XP_013733468.1	W	Q	H	G	E	Q
XP_020875283.1	W	Q	H	G	E	Q
XP_006296609.1	W	Q	H	G	E	Q
XP_018439082.1	W	Q	H	G	E	Q
RQL77292.1	W	Q	H	G	E	Q
XP_010488962.1	W	Q	H	G	E	Q
XP_010547999.1	W	Q	H	G	E	Q
XP_010467302.1	W	Q	H	G	E	Q
RQL74410.1	W	Q	H	G	E	Q
XP_018489256.1	W	Q	H	G	E	Q
XP_018455177.1	W	Q	H	G	E	Q
XP_018469001.1	W	Q	H	G	E	Q
XP_013735224.2	W	Q	H	G	E	Q
XP_013638674.1	W	Q	H	G	E	Q
XP_013638666.1	W	Q	H	G	E	Q
XP_013638683.1	W	Q	H	G	E	Q
XP_013688652.1	W	Q	H	G	E	Q
XP_018461152.1	W	Q	H	G	E	Q
XP_013600521.1	W	Q	H	G	E	Q
XP_018439083.1	W	Q	H	G	E	Q
AAD17393.1	W	Q	H	G	E	Q
XP_013688653.1	W	Q	H	G	E	Q
XP_021887294.1	W	Q	H	G	E	Q
XP_010517429.1	W	Q	H	G	E	Q
CDY65110.1	W	Q	H	G	E	Q
RQL81120.1	W	Q	H	G	E	Q
VDD56489.1	W	Q	H	G	E	Q
XP_021298085.1	W	Q	H	G	E	Q
EFH43393.1	W	Q	H	G	E	Q
RID51635.1	W	Q	H	G	E	Q
GAV90448.1	W	Q	H	G	E	Q
EOX98312.1	W	Q	H	G	E	Q
XP_021823916.1	W	Q	H	G	E	Q
XP_009110190.1	W	Q	H	G	E	Q
OMO74050.1	W	Q	H	G	E	Q
XP_007042481.2	W	Q	H	G	E	Q
XP_011013100.1	W	Q	H	G	E	Q
GAV69918.1	W	Q	H	G	E	Q
XP_008236558.1	W	Q	H	G	E	Q
XP_006379195.1	W	Q	H	G	E	Q
VVA18226.1	W	Q	H	G	E	Q
XP_007200988.1	W	Q	H	G	E	Q
XP_022745902.1	W	Q	H	G	E	Q
XP_013722053.1	W	Q	H	G	E	Q
XP_031248387.1	W	Q	H	G	E	Q
XP_011000877.1	W	Q	H	G	E	Q
TXG64258.1	W	Q	H	G	E	Q
XP_006422969.1	W	Q	H	G	E	Q
TKS05222.1	W	Q	H	G	E	Q
TXG64263.1	W	Q	H	G	E	Q
VDD06997.1	W	Q	H	G	E	Q
OMO74051.1	W	Q	H	G	E	Q
XP_002518725.1	W	Q	H	G	E	Q
TXG64264.1	W	Q	H	G	E	Q
TXG64266.1	W	Q	H	G	E	Q
TXG64260.1	W	Q	H	G	E	Q
XP_006487031.1	W	Q	H	G	E	Q
XP_021684532.1	W	Q	H	G	E	Q
XP_017970670.1	W	Q	H	G	E	Q
TXG64268.1	W	Q	H	G	E	Q
TXG54094.1	W	Q	H	G	E	Q
PPR86238.1	W	Q	H	G	E	Q
GAY54937.1	W	Q	H	G	E	Q
XP_021287349.1	W	Q	H	G	E	Q
XP_012087486.1	W	Q	H	G	E	Q
XP_011000136.1	W	Q	H	G	E	Q
PQQ03412.1	W	Q	H	G	E	Q
XP_021625535.1	W	Q	H	G	E	Q
XP_008236559.1	W	Q	H	G	E	Q
EOX98313.1	W	Q	H	G	E	Q
XP_006369755.1	W	Q	H	G	E	Q
XP_016675061.1	W	Q	H	G	E	Q
TYI99840.1	W	Q	H	G	E	Q
TQD91297.1	W	Q	H	G	E	Q
QDM38901.1	W	Q	H	G	E	Q
XP_007200278.1	W	Q	H	G	E	Q
OAY38672.1	W	Q	H	G	E	Q
XP_021823934.1	W	Q	H	G	E	Q
XP_021624601.1	W	Q	H	G	E	Q
XP_021285463.1	W	Q	H	G	E	Q
XP_008236488.1	W	Q	H	G	E	Q
XP_024034938.1	W	Q	H	G	E	Q
VVA18222.1	W	Q	H	G	E	Q
XP_007200989.1	W	Q	H	G	E	Q
TYH90433.1	W	Q	H	G	E	Q
XP_012087490.1	W	Q	H	G	E	Q
PPD78050.1	W	Q	H	G	E	Q
XP_012087488.2	W	Q	H	G	E	Q
XP_002298734.2	W	Q	H	G	E	Q
XP_008354700.2	W	Q	H	G	E	Q
XP_012464722.1	W	Q	H	G	E	Q
XP_021823920.1	W	Q	H	G	E	Q
XP_008245758.1	W	Q	H	G	E	Q
TYI45579.1	W	Q	H	G	E	Q
TXG54097.1	W	Q	H	G	E	Q
XP_017643788.1	W	Q	H	G	E	Q
VVA18224.1	W	Q	H	G	E	Q
XP_021823918.1	W	Q	H	G	E	Q
XP_024164984.1	W	Q	H	G	E	Q
XP_012087491.1	W	Q	H	G	E	Q
XP_018732464.1	W	Q	H	G	E	Q
EOX98314.1	W	Q	H	G	E	Q
XP_006487029.1	W	Q	H	G	E	Q
TYI49287.1	W	Q	H	G	E	Q
XP_017643657.1	W	Q	H	G	E	Q
PPD86817.1	W	Q	H	G	E	Q
XP_022762344.1	W	Q	H	G	E	Q
XP_012436164.1	W	Q	H	G	E	Q
KDO59783.1	W	Q	H	G	E	Q
TYG39569.1	W	Q	H	G	E	Q
XP_003628776.1	W	Q	H	G	E	Q
GAV90449.1	W	Q	H	G	E	Q
PNT57498.1	W	Q	H	G	E	Q
TYI49286.1	W	Q	H	G	E	Q
XP_016744170.1	W	Q	H	G	E	Q
XP_011000135.1	W	Q	H	G	E	Q
KAE8698604.1	W	Q	H	G	E	Q
XP_007042483.2	W	Q	H	G	E	Q
XP_006369760.1	W	Q	H	G	E	Q
TYJ03379.1	W	Q	H	G	E	Q
XP_016744168.1	W	Q	H	G	E	Q
KAE8698601.1	W	Q	H	G	E	Q
KAB1997449.1	W	Q	H	G	E	Q
KDP24999.1	W	Q	H	G	E	Q
KDP25000.1	W	Q	H	G	E	Q
XP_004304714.1	W	Q	H	G	E	Q
XP_024165786.1	W	Q	H	G	E	Q
AXK92492.1	W	Q	H	G	E	Q
XP_012436166.1	W	Q	H	G	E	Q
XP_008454970.1	W	Q	H	G	E	Q
XP_002313131.3	W	Q	H	G	E	Q
XP_023913431.1	W	Q	H	G	E	Q
XP_028053269.1	W	Q	H	G	E	Q
XP_024035331.1	W	Q	H	G	E	Q
XP_016180073.2	W	Q	H	G	E	Q
XP_023874124.1	W	Q	H	G	E	Q
XP_031256687.1	W	Q	H	G	E	Q
XP_025681589.1	W	Q	H	G	E	Q
XP_018831483.1	W	Q	H	G	E	Q
PON82020.1	W	Q	H	G	E	Q
XP_017635488.1	W	Q	H	G	E	Q
XP_031249922.1	W	Q	H	G	E	Q
TKS08109.1	W	Q	H	G	E	Q
XP_023914346.1	W	Q	H	G	E	Q
XP_024455158.1	W	Q	H	G	E	Q
XP_015865652.1	W	Q	H	G	E	Q
XP_015892772.1	W	Q	H	G	E	Q
XP_015865648.1	W	Q	H	G	E	Q
KAB2635885.1	W	Q	H	G	E	Q
KDP25001.1	W	Q	H	G	E	Q
XP_030944296.1	W	Q	H	G	E	Q
XP_030941348.1	W	Q	H	G	E	Q
OleD_S5	W	Q	H	G	E	Q
WP_037700741.1	W	Q	H	G	E	Q
WP_037654753.1	W	Q	H	G	E	Q
WP_073897341.1	W	Q	H	G	E	Q
2IYF_A	W	Q	H	G	E	Q
WP_123440085.1	W	Q	H	G	E	Q
WP_093697861.1	W	Q	H	G	E	Q
Q53685.1	W	Q	H	G	E	Q
WP_100828882.1	W	Q	H	G	E	Q
WP_037855610.1	W	Q	H	G	E	Q
WP_142231438.1	W	Q	H	G	E	Q
CUW31969.1	W	Q	H	G	E	Q
WP_014675723.1	W	Q	H	G	E	Q
OYP14611.1	W	Q	H	G	E	Q
WP_142192331.1	W	Q	H	G	E	Q
WP_059261943.1	W	Q	H	G	E	Q
WP_093473816.1	W	Q	H	G	E	Q
WP_086703595.1	W	Q	H	G	E	Q
WP_059253618.1	W	Q	H	G	E	Q
WP_031172082.1	W	Q	H	G	E	Q
AKN72238.1	W	Q	H	G	E	Q
WP_132783149.1	W	Q	H	G	E	Q
SOD81381.1	W	Q	H	G	E	Q
WP_058082433.1	W	Q	H	G	E	Q
WP_103811635.1	W	Q	H	G	E	Q
OXY91582.1	W	Q	H	G	E	Q
PKV40621.1	W	Q	H	G	E	Q
WP_069778076.1	W	Q	H	G	E	Q
WP_053635113.1	W	Q	H	G	E	Q
WP_031224577.1	W	Q	H	G	E	Q
WP_037812774.1	W	Q	H	G	E	Q
WP_076090820.1	W	Q	H	G	E	Q
WP_030828367.1	W	Q	H	G	E	Q
WP_097257138.1	W	Q	H	G	E	Q
WP_111002173.1	W	Q	H	G	E	Q
WP_093720566.1	W	Q	H	G	E	Q
WP_094220039.1	W	Q	H	G	E	Q
WP_101376146.1	W	Q	H	G	E	Q
WP_067302689.1	W	Q	H	G	E	Q
WP_053708632.1	W	Q	H	G	E	Q
WP_143630669.1	W	Q	H	G	E	Q
WP_055708433.1	W	Q	H	G	E	Q
WP_116145595.1	W	Q	H	G	E	Q
WP_030984863.1	W	Q	H	G	E	Q
WP_031093103.1	W	Q	H	G	E	Q
WP_030645857.1	W	Q	H	G	E	Q
WP_112467076.1	W	Q	H	G	E	Q
WP_121547770.1	W	Q	H	G	E	Q
WP_109541757.1	W	Q	H	G	E	Q
WP_095937292.1	W	Q	H	G	E	Q
WP_039830831.1	W	Q	H	G	E	Q
WP_097270228.1	W	Q	H	G	E	Q
WP_031486857.1	W	Q	H	G	E	Q
WP_086725458.1	W	Q	H	G	E	Q
WP_063759486.1	W	Q	H	G	E	Q
WP_059195534.1	W	Q	H	G	E	Q
WP_079057557.1	W	Q	H	G	E	Q
WP_064535862.1	W	Q	H	G	E	Q
WP_126274960.1	W	Q	H	G	E	Q
WP_107907753.1	W	Q	H	G	E	Q
WP_067056162.1	W	Q	H	G	E	Q
EST34675.1	W	Q	H	G	E	Q
WP_053655833.1	W	Q	H	G	E	Q
WP_062668634.1	W	Q	H	G	E	Q
WP_142168125.1	W	Q	H	G	E	Q
EFL38312.1	W	Q	H	G	E	Q
WP_145866501.1	W	Q	H	G	E	Q
WP_040905893.1	W	Q	H	G	E	Q
WP_073951366.1	W	Q	H	G	E	Q
WP_081240292.1	W	Q	H	G	E	Q
WP_151786481.1	W	Q	H	G	E	Q
WP_015657019.1	W	Q	H	G	E	Q
WP_052183669.1	W	Q	H	G	E	Q
WP_071380340.1	W	Q	H	G	E	Q
SDP37862.1	W	Q	H	G	E	Q
WP_037925911.1	W	Q	H	G	E	Q
WP_125524779.1	W	Q	H	G	E	Q
WP_121786296.1	W	Q	H	G	E	Q
WP_093910663.1	W	Q	H	G	E	Q
WP_106411858.1	W	Q	H	G	E	Q
WP_150499302.1	W	Q	H	G	E	Q
WP_062711633.1	W	Q	H	G	E	Q
WP_145885312.1	W	Q	H	G	E	Q
WP_086867584.1	W	Q	H	G	E	Q
WP_103783111.1	W	Q	H	G	E	Q
WP_020942933.1	W	Q	H	G	E	Q
WP_030802552.1	W	Q	H	G	E	Q
WP_126395916.1	W	Q	H	G	E	Q
WP_062719780.1	W	Q	H	G	E	Q
WP_135792382.1	W	Q	H	G	E	Q
WP_095752562.1	W	Q	H	G	E	Q
OIJ96227.1	W	Q	H	G	E	Q
WP_126896882.1	W	Q	H	G	E	Q
WP_048582570.1	W	Q	H	G	E	Q
WP_030184491.1	W	Q	H	G	E	Q
WP_093865742.1	W	Q	H	G	E	Q
SEB99129.1	W	Q	H	G	E	Q
WP_063744368.1	W	Q	H	G	E	Q
WP_147995660.1	W	Q	H	G	E	Q
SED38609.1	W	Q	H	G	E	Q
WP_037858626.1	W	Q	H	G	E	Q
WP_024884645.1	W	Q	H	G	E	Q
WP_137209095.1	W	Q	H	G	E	Q
WP_134028596.1	W	Q	H	G	E	Q
WP_030953454.1	W	Q	H	G	E	Q
WP_009191290.1	W	Q	H	G	E	Q
WP_115504924.1	W	Q	H	G	E	Q
WP_086564467.1	W	Q	H	G	E	Q
WP_052413889.1	W	Q	H	G	E	Q
WP_149547228.1	W	Q	H	G	E	Q
WP_130336930.1	W	Q	H	G	E	Q
WP_079194716.1	W	Q	H	G	E	Q
SFM92106.1	W	Q	H	G	E	Q
WP_037889382.1	W	Q	H	G	E	Q
WP_093789658.1	W	Q	H	G	E	Q
WP_037886080.1	W	Q	H	G	E	Q
ELS57484.1	W	Q	H	G	E	Q
WP_152172368.1	W	Q	H	G	E	Q
GED84035.1	W	Q	H	G	E	Q
WP_039988930.1	W	Q	H	G	E	Q
WP_142266701.1	W	Q	H	G	E	Q
WP_127177255.1	W	Q	H	G	E	Q
WP_136238095.1	W	Q	H	G	E	Q
WP_058917201.1	W	Q	H	G	E	Q
WP_079176722.1	W	Q	H	G	E	Q
WP_062149408.1	W	Q	H	G	E	Q
GEC03830.1	W	Q	H	G	E	Q
WP_133919300.1	W	Q	H	G	E	Q
WP_031181686.1	W	Q	H	G	E	Q
WP_093552157.1	W	Q	H	G	E	Q
WP_145828781.1	W	Q	H	G	E	Q
WP_127897006.1	W	Q	H	G	E	Q
WP_031020403.1	W	Q	H	G	E	Q
WP_128127874.1	W	Q	H	G	E	Q
WP_052424761.1	W	Q	H	G	E	Q
WP_045559941.1	W	Q	H	G	E	Q
WP_093766193.1	W	Q	H	G	E	Q
WP_028961586.1	W	Q	H	G	E	Q
WP_018564370.1	W	Q	H	G	E	Q
WP_037642329.1	W	Q	H	G	E	Q
WP_102638665.1	W	Q	H	G	E	Q
WP_086692674.1	W	Q	H	G	E	Q
WP_071367942.1	W	Q	H	G	E	Q
WP_109029692.1	W	Q	H	G	E	Q
WP_063792855.1	W	Q	H	G	E	Q
WP_003972830.1	W	Q	H	G	E	Q
WP_037671638.1	W	Q	H	G	E	Q
WP_150483709.1	W	Q	H	G	E	Q
WP_019523387.1	W	Q	H	G	E	Q
WP_135786272.1	W	Q	H	G	E	Q
WP_086763211.1	W	Q	H	G	E	Q
WP_086600481.1	W	Q	H	G	E	Q
WP_085575736.1	W	Q	H	G	E	Q
WP_060887944.1	W	Q	H	G	E	Q
WP_054243310.1	W	Q	H	G	E	Q
WP_050810165.1	W	Q	H	G	E	Q
WP_033273967.1	W	Q	H	G	E	Q
WP_073939133.1	W	Q	H	G	E	Q
WP_057605882.1	W	Q	H	G	E	Q
WP_051825974.1	W	Q	H	G	E	Q
WP_103544841.1	W	Q	H	G	E	Q
WP_099935713.1	W	Q	H	G	E	Q
WP_067441911.1	W	Q	H	G	E	Q
WP_044385111.1	W	Q	H	G	E	Q
WP_152860795.1	W	Q	H	G	E	Q
WP_130438006.1	W	Q	H	G	E	Q
WP_086169301.1	W	Q	H	G	E	Q
WP_108710882.1	W	Q	H	G	E	Q
WP_100566405.1	W	Q	H	G	E	Q
WP_087806589.1	W	Q	H	G	E	Q
WP_141366133.1	W	Q	H	G	E	Q
WP_086736895.1	W	Q	H	G	E	Q
WP_133886284.1	W	Q	H	G	E	Q
WP_131570735.1	W	Q	H	G	E	Q
WP_069770026.1	W	Q	H	G	E	Q
WP_142200883.1	W	Q	H	G	E	Q
WP_121703550.1	W	Q	H	G	E	Q
WP_079658845.1	W	Q	H	G	E	Q
WP_093457231.1	W	Q	H	G	E	Q
WP_141308254.1	W	Q	H	G	E	Q
WP_151481839.1	W	Q	H	G	E	Q
WP_077797881.1	W	Q	H	G	E	Q
WP_059298340.1	W	Q	H	G	E	Q
WP_048573254.1	W	Q	H	G	E	Q
WP_042821848.1	W	Q	H	G	E	Q
WP_061446835.1	W	Q	H	G	E	Q
EHN79878.1	W	Q	H	G	E	Q
WP_070389418.1	W	Q	H	G	E	Q
WP_030864259.1	W	Q	H	G	E	Q
WP_054102387.1	W	Q	H	G	E	Q
WP_134651713.1	W	Q	H	G	E	Q
WP_133932693.1	W	Q	H	G	E	Q
WP_064730391.1	W	Q	H	G	E	Q
WP_043484675.1	W	Q	H	G	E	Q
WP_033527583.1	W	Q	H	G	E	Q
WP_122214033.1	W	Q	H	G	E	Q
WP_086702045.1	W	Q	H	G	E	Q
EPJ33989.1	W	Q	H	G	E	Q
WP_121710076.1	W	Q	H	G	E	Q
WP_123996914.1	W	Q	H	G	E	Q
WP_060890443.1	W	Q	H	G	E	Q
WP_108987801.1	W	Q	H	G	E	Q
WP_037762796.1	W	Q	H	G	E	Q
WP_051858455.1	W	Q	H	G	E	Q
WP_114875106.1	W	Q	H	G	E	Q
WP_079053402.1	W	Q	H	G	E	Q
WP_149826161.1	W	Q	H	G	E	Q
WP_119581540.1	W	Q	H	G	E	Q
WP_121720770.1	W	Q	H	G	E	Q
WP_107461033.1	W	Q	H	G	E	Q
WP_048455529.1	W	Q	H	G	E	Q
WP_037700340.1	W	Q	H	G	E	Q
WP_125635301.1	W	Q	H	G	E	Q
WP_123968174.1	W	Q	H	G	E	Q
WP_062036388.1	W	Q	H	G	E	Q
WP_143638618.1	W	Q	H	G	E	Q
WP_029384642.1	W	Q	H	G	E	Q
WP_046705563.1	W	Q	H	G	E	Q
WP_125772748.1	W	Q	H	G	E	Q
WP_127437179.1	W	Q	H	G	E	Q
EMF21644.1	W	Q	H	G	E	Q
WP_127433862.1	W	Q	H	G	E	Q
WP_081553616.1	W	Q	H	G	E	Q
WP_107482519.1	W	Q	H	G	E	Q
WP_041668992.1	W	Q	H	G	E	Q
WP_037885260.1	W	Q	H	G	E	Q
WP_128801608.1	W	Q	H	G	E	Q
WP_104634336.1	W	Q	H	G	E	Q
WP_067024007.1	W	Q	H	G	E	Q
WP_055624065.1	W	Q	H	G	E	Q
WP_136236350.1	W	Q	H	G	E	Q
CBG69113.1	W	Q	H	G	E	Q
WP_115744837.1	W	Q	H	G	E	Q
WP_108006762.1	W	Q	H	G	E	Q
WP_102931750.1	W	Q	H	G	E	Q
WP_063888877.1	W	Q	H	G	E	Q
WP_062134127.1	W	Q	H	G	E	Q
WP_127441413.1	W	Q	H	G	E	Q
WP_125503438.1	W	Q	H	G	E	Q
WP_109204246.1	W	Q	H	G	E	Q
WP_061334874.1	W	Q	H	G	E	Q
WP_031021273.1	W	Q	H	G	E	Q
WP_129801820.1	W	Q	H	G	E	Q
WP_031035241.1	W	Q	H	G	E	Q
WP_057611055.1	W	Q	H	G	E	Q
WP_127439575.1	W	Q	H	G	E	Q
WP_053754230.1	W	Q	H	G	E	Q
WP_114255981.1	W	Q	H	G	E	Q
WP_123626860.1	W	Q	H	G	E	Q
WP_109001127.1	W	Q	H	G	E	Q
WP_067396693.1	W	Q	H	G	E	Q
WP_063853740.1	W	Q	H	G	E	Q
WP_037921817.1	W	Q	H	G	E	Q
WP_030977602.1	W	Q	H	G	E	Q
WP_037724492.1	W	Q	H	G	E	Q
WP_094052807.1	W	Q	H	G	E	Q
WP_086875878.1	W	Q	H	G	E	Q
WP_059083582.1	W	Q	H	G	E	Q
WP_100045692.1	W	Q	H	G	E	Q
WP_137961760.1	W	Q	H	G	E	Q
WP_124438418.1	W	Q	H	G	E	Q
WP_109495210.1	W	Q	H	G	E	Q
WP_153543791.1	W	Q	H	G	E	Q
WP_150473283.1	W	Q	H	G	E	Q
WP_138049689.1	W	Q	H	G	E	Q
WP_037858417.1	W	Q	H	G	E	Q
OSC71340.1	W	Q	H	G	E	Q
WP_053913888.1	W	Q	H	G	E	Q
WP_153181703.1	W	Q	H	G	E	Q
WP_086772592.1	W	Q	H	G	E	Q
WP_053665507.1	W	Q	H	G	E	Q
WP_079160092.1	W	Q	H	G	E	Q
WP_065000979.1	W	Q	H	G	E	Q
WP_062648774.1	W	Q	H	G	E	Q
WP_121749820.1	W	Q	H	G	E	Q
WP_055521663.1	W	Q	H	G	E	Q
KOX43449.1	W	Q	H	G	E	Q
WP_037832610.1	W	Q	H	G	E	Q
WP_037825504.1	W	Q	H	G	E	Q
WP_053138975.1	W	Q	H	G	E	Q
WP_122618562.1	W	Q	H	G	E	Q
WP_037826232.1	W	Q	H	G	E	Q
WP_029393448.1	W	Q	H	G	E	Q
WP_125492536.1	W	Q	H	G	E	Q
WP_121892240.1	W	Q	H	G	E	Q
WP_107477966.1	W	Q	H	G	E	Q
WP_125537739.1	W	Q	H	G	E	Q
WP_099967910.1	W	Q	H	G	E	Q
WP_055713040.1	W	Q	H	G	E	Q
WP_055468875.1	W	Q	H	G	E	Q
WP_149510122.1	W	Q	H	G	E	Q
WP_005481995.1	W	Q	H	G	E	Q
GAO06046.1	W	Q	H	G	E	Q
WP_063483437.1	W	Q	H	G	E	Q
WP_042147881.1	W	Q	H	G	E	Q
WP_037799168.1	W	Q	H	G	E	Q
WP_123992330.1	W	Q	H	G	E	Q
WP_110632148.1	W	Q	H	G	E	Q
WP_055542234.1	W	Q	H	G	E	Q
WP_114531251.1	W	Q	H	G	E	Q
WP_058922342.1	W	Q	H	G	E	Q
WP_123540893.1	W	Q	H	G	E	Q
WP_107022030.1	W	Q	H	G	E	Q
WP_016431935.1	W	Q	H	G	E	Q
GAP47437.1	W	Q	H	G	E	Q
WP_119098612.1	W	Q	H	G	E	Q
WP_108934551.1	W	Q	H	G	E	Q
WP_046918050.1	W	Q	H	G	E	Q
WP_031046411.1	W	Q	H	G	E	Q
WP_073731938.1	W	Q	H	G	E	Q
WP_086015451.1	W	Q	H	G	E	Q
WP_150215520.1	W	Q	H	G	E	Q
EFE66360.1	W	Q	H	G	E	Q
WP_059072994.1	W	Q	H	G	E	Q
WP_055593070.1	W	Q	H	G	E	Q
WP_055564301.1	W	Q	H	G	E	Q
WP_085924710.1	W	Q	H	G	E	Q
WP_055626430.1	W	Q	H	G	E	Q
WP_003993825.1	W	Q	H	G	E	Q
WP_031133902.1	W	Q	H	G	E	Q
WP_150513635.1	W	Q	H	G	E	Q
WP_150186815.1	W	Q	H	G	E	Q
WP_063753241.1	W	Q	H	G	E	Q
ELP63725.1	W	Q	H	G	E	Q
WP_053192738.1	W	Q	H	G	E	Q
WP_128431161.1	W	Q	H	G	E	Q
WP_055528134.1	W	Q	H	G	E	Q
KDN78985.1	W	Q	H	G	E	Q
WP_107453537.1	W	Q	H	G	E	Q
WP_107060037.1	W	Q	H	G	E	Q
WP_051715159.1	W	Q	H	G	E	Q
WP_096212863.1	W	Q	H	G	E	Q
WP_007502767.1	W	Q	H	G	E	Q
WP_147247598.1	W	Q	H	G	E	Q
WP_138962379.1	W	Q	H	G	E	Q
WP_109378986.1	W	Q	H	G	E	Q
WP_102907641.1	W	Q	H	G	E	Q
WP_030313607.1	W	Q	H	G	E	Q
WP_098245494.1	W	Q	H	G	E	Q
WP_150173543.1	W	Q	H	G	E	Q
WP_033306752.1	W	Q	H	G	E	Q
WP_106975379.1	W	Q	H	G	E	Q
WP_093491861.1	W	Q	H	G	E	Q
WP_037741387.1	W	Q	H	G	E	Q
SOD48752.1	W	Q	H	G	E	Q
WP_093636964.1	W	Q	H	G	E	Q
WP_097221565.1	W	Q	H	G	E	Q
WP_093637401.1	W	Q	H	G	E	Q
WP_148593080.1	W	Q	H	G	E	Q
WP_085208966.1	W	Q	H	G	E	Q
WP_105968799.1	W	Q	H	G	E	Q
WP_043378501.1	W	Q	H	G	E	Q
SCK13007.1	W	Q	H	G	E	Q
WP_093781509.1	W	Q	H	G	E	Q
WP_088799654.1	W	Q	H	G	E	Q
WP_062929760.1	W	Q	H	G	E	Q
WP_030212426.1	W	Q	H	G	E	Q
WP_111662366.1	W	Q	H	G	E	Q
WP_018541788.1	W	Q	H	G	E	Q
WP_076683975.1	W	Q	H	G	E	Q
WP_062191291.1	W	Q	H	G	E	Q
WP_046926281.1	W	Q	H	G	E	Q
WP_031106174.1	W	Q	H	G	E	Q
WP_059207018.1	W	Q	H	G	E	Q
WP_055554727.1	W	Q	H	G	E	Q
WP_127152765.1	W	Q	H	G	E	Q
ROQ14270.1	W	Q	H	G	E	Q
WP_030787893.1	W	Q	H	G	E	Q
WP_144321565.1	W	Q	H	G	E	Q
WP_123765232.1	W	Q	H	G	E	Q
WP_044368156.1	W	Q	H	G	E	Q
WP_055700079.1	W	Q	H	G	E	Q
WP_053921769.1	W	Q	H	G	E	Q
WP_042164207.1	W	Q	H	G	E	Q
WP_020118886.1	W	Q	H	G	E	Q
WP_125189295.1	W	Q	H	G	E	Q
WP_037720195.1	W	Q	H	G	E	Q
WP_062775437.1	W	Q	H	G	E	Q
WP_053847534.1	W	Q	H	G	E	Q
WP_141207481.1	W	Q	H	G	E	Q
WP_078635433.1	W	Q	H	G	E	Q
WP_093651933.1	W	Q	H	G	E	Q
WP_043265821.1	W	Q	H	G	E	Q
WP_129249835.1	W	Q	H	G	E	Q
WP_069763659.1	W	Q	H	G	E	Q
EDY61389.1	W	Q	H	G	E	Q
WP_137992617.1	W	Q	H	G	E	Q
WP_051811554.1	W	Q	H	G	E	Q
EJJ07170.1	W	Q	H	G	E	Q
WP_037901759.1	W	Q	H	G	E	Q
WP_067229512.1	W	Q	H	G	E	Q
WP_018847858.1	W	Q	H	G	E	Q
WP_028808966.1	W	Q	H	G	E	Q
WP_093823553.1	W	Q	H	G	E	Q
WP_058849330.1	W	Q	H	G	E	Q
WP_125263995.1	W	Q	H	G	E	Q
WP_055606728.1	W	Q	H	G	E	Q
WP_055572395.1	W	Q	H	G	E	Q
WP_087886267.1	W	Q	H	G	E	Q
WP_112442209.1	W	Q	H	G	E	Q
WP_018535600.1	W	Q	H	G	E	Q
AYC37768.1	W	Q	H	G	E	Q
WP_062022843.1	W	Q	H	G	E	Q
WP_055689277.1	W	Q	H	G	E	Q
WP_137309236.1	W	Q	H	G	E	Q
TCR22764.1	W	Q	H	G	E	Q
WP_129282670.1	W	Q	H	G	E	Q
WP_079193766.1	W	Q	H	G	E	Q
WP_132835954.1	W	Q	H	G	E	Q
WP_147988635.1	W	Q	H	G	E	Q
WP_135332648.1	W	Q	H	G	E	Q
WP_129294454.1	W	Q	H	G	E	Q
WP_073815407.1	W	Q	H	G	E	Q
WP_053758501.1	W	Q	H	G	E	Q
WP_079143433.1	W	Q	H	G	E	Q
ANZ16612.1	W	Q	H	G	E	Q
WP_037656968.1	W	Q	H	G	E	Q
WP_030570478.1	W	Q	H	G	E	Q
WP_040898485.1	W	Q	H	G	E	Q
WP_084899436.1	W	Q	H	G	E	Q
WP_055601305.1	W	Q	H	G	E	Q
WP_127909325.1	W	Q	H	G	E	Q
WP_073903893.1	W	Q	H	G	E	Q
WP_005310295.1	W	Q	H	G	E	Q
WP_138907153.1	W	Q	H	G	E	Q
SHM38688.1	W	Q	H	G	E	Q
KYG52047.1	W	Q	H	G	E	Q
WP_138894572.1	W	Q	H	G	E	Q
WP_138902374.1	W	Q	H	G	E	Q
AJC56318.1	W	Q	H	G	E	Q
WP_107421230.1	W	Q	H	G	E	Q
KQX50023.1	W	Q	H	G	E	Q
WP_123458909.1	W	Q	H	G	E	Q
WP_108952438.1	W	Q	H	G	E	Q
WP_121832650.1	W	Q	H	G	E	Q
EPH46670.1	W	Q	H	G	E	Q
GBP98911.1	W	Q	H	G	E	Q
WP_030205439.1	W	Q	H	G	E	Q
WP_079182040.1	W	Q	H	G	E	Q
WP_137299309.1	W	Q	H	G	E	Q
WP_086830539.1	W	Q	H	G	E	Q
WP_069741571.1	W	Q	H	G	E	Q
WP_028798106.1	W	Q	H	G	E	Q
WP_152371485.1	W	Q	H	G	E	Q
WP_073755141.1	W	Q	H	G	E	Q
WP_125667954.1	W	Q	H	G	E	Q
WP_109186644.1	W	Q	H	G	E	Q
WP_104860744.1	W	Q	H	G	E	Q
WP_128818922.1	W	Q	H	G	E	Q
WP_030314928.1	W	Q	H	G	E	Q
WP_102926180.1	W	Q	H	G	E	Q
WP_053647097.1	W	Q	H	G	E	Q
WP_039633324.1	W	Q	H	G	E	Q
WP_107413973.1	W	Q	H	G	E	Q
WP_097912535.1	W	Q	H	G	E	Q
SCF65917.1	W	Q	H	G	E	Q
WP_093445106.1	W	Q	H	G	E	Q
WP_128808132.1	W	Q	H	G	E	Q
WP_030701534.1	W	Q	H	G	E	Q
WP_030689118.1	W	Q	H	G	E	Q
WP_030555208.1	W	Q	H	G	E	Q
WP_073803897.1	W	Q	H	G	E	Q
WP_030330690.1	W	Q	H	G	E	Q
WP_030114924.1	W	Q	H	G	E	Q
WP_138057354.1	W	Q	H	G	E	Q
WP_109180589.1	W	Q	H	G	E	Q
WP_097924410.1	W	Q	H	G	E	Q
WP_093895414.1	W	Q	H	G	E	Q
WP_093879031.1	W	Q	H	G	E	Q
WP_030293166.1	W	Q	H	G	E	Q
WP_098010943.1	W	Q	H	G	E	Q
WP_100562401.1	W	Q	H	G	E	Q
WP_083193509.1	W	Q	H	G	E	Q
WP_073869318.1	W	Q	H	G	E	Q
WP_053624838.1	W	Q	H	G	E	Q
WP_043250620.1	W	Q	H	G	E	Q
WP_069736804.1	W	Q	H	G	E	Q
WP_047179441.1	W	Q	H	G	E	Q
WP_148903038.1	W	Q	H	G	E	Q
WP_093601336.1	W	Q	H	G	E	Q
WP_093813369.1	W	Q	H	G	E	Q
WP_032790995.1	W	Q	H	G	E	Q
EHM29801.1	W	Q	H	G	E	Q
WP_088574893.1	W	Q	H	G	E	Q
WP_097946125.1	W	Q	H	G	E	Q
WP_030740385.1	W	Q	H	G	E	Q
WP_116165698.1	W	Q	H	G	E	Q
WP_089116976.1	W	Q	H	G	E	Q
WP_037650044.1	W	Q	H	G	E	Q
WP_066944812.1	W	Q	H	G	E	Q
WP_030585020.1	W	Q	H	G	E	Q
WP_030187470.1	W	Q	H	G	E	Q
WP_006128476.1	W	Q	H	G	E	Q
WP_087764482.1	W	Q	H	G	E	Q
WP_069756428.1	W	Q	H	G	E	Q
WP_032786957.1	W	Q	H	G	E	Q
WP_148001123.1	W	Q	H	G	E	Q
WP_030339703.1	W	Q	H	G	E	Q
WP_032775232.1	W	Q	H	G	E	Q
WP_116426633.1	W	Q	H	G	E	Q
SCG07672.1	W	Q	H	G	E	Q
WP_126884184.1	W	Q	H	G	E	Q
WP_109296696.1	W	Q	H	G	E	Q
WP_093902186.1	W	Q	H	G	E	Q
WP_153523986.1	W	Q	H	G	E	Q
WP_131546030.1	W	Q	H	G	E	Q
WP_109195798.1	W	Q	H	G	E	Q
WP_097886290.1	W	Q	H	G	E	Q
WP_030724566.1	W	Q	H	G	E	Q
WP_137230641.1	W	Q	H	G	E	Q
WP_079045000.1	W	Q	H	G	E	Q
WP_050357219.1	W	Q	H	G	E	Q
WP_032768358.1	W	Q	H	G	E	Q
WP_128374743.1	W	Q	H	G	E	Q
WP_103507509.1	W	Q	H	G	E	Q
WP_097993052.1	W	Q	H	G	E	Q
WP_075263617.1	W	Q	H	G	E	Q
WP_053607165.1	W	Q	H	G	E	Q
WP_010059313.1	W	Q	H	G	E	Q
WP_097965997.1	W	Q	H	G	E	Q
WP_112492441.1	W	Q	H	G	E	Q
WP_106969383.1	W	Q	H	G	E	Q
WP_073767048.1	W	Q	H	G	E	Q
WP_143609448.1	W	Q	H	G	E	Q
WP_128845680.1	W	Q	H	G	E	Q
WP_127467147.1	W	Q	H	G	E	Q
WP_109981164.1	W	Q	H	G	E	Q
WP_093684610.1	W	Q	H	G	E	Q
WP_054234114.1	W	Q	H	G	E	Q
WP_053694564.1	W	Q	H	G	E	Q
WP_033210305.1	W	Q	H	G	E	Q
RLV70431.1	W	Q	H	G	E	Q
WP_118900058.1	W	Q	H	G	E	Q
WP_101390713.1	W	Q	H	G	E	Q
WP_073959820.1	W	Q	H	G	E	Q
WP_031075269.1	W	Q	H	G	E	Q
WP_030592458.1	W	Q	H	G	E	Q
WP_150507981.1	W	Q	H	G	E	Q
WP_141292470.1	W	Q	H	G	E	Q
QCW79851.1	W	Q	H	G	E	Q
WP_012378508.1	W	Q	H	G	E	Q
WP_097974738.1	W	Q	H	G	E	Q
WP_073822986.1	W	Q	H	G	E	Q
WP_073778816.1	W	Q	H	G	E	Q
WP_070204660.1	W	Q	H	G	E	Q
WP_053562692.1	W	Q	H	G	E	Q
WP_030804216.1	W	Q	H	G	E	Q
WP_030709981.1	W	Q	H	G	E	Q
WP_134070218.1	W	Q	H	G	E	Q
WP_103417617.1	W	Q	H	G	E	Q
WP_099128129.1	W	Q	H	G	E	Q
WP_093565625.1	W	Q	H	G	E	Q
WP_018956826.1	W	Q	H	G	E	Q
CCA53477.1	W	Q	H	G	E	Q
WP_114249378.1	W	Q	H	G	E	Q
OAR22822.1	W	Q	H	G	E	Q
WP_041663413.1	W	Q	H	G	E	Q
WP_003965454.1	W	Q	H	G	E	Q
ALO06206.1	W	Q	H	G	E	Q
WP_150158473.1	W	Q	H	G	E	Q
WP_128840351.1	W	Q	H	G	E	Q
WP_119095032.1	W	Q	H	G	E	Q
WP_097986594.1	W	Q	H	G	E	Q
WP_079126408.1	W	Q	H	G	E	Q
WP_073743216.1	W	Q	H	G	E	Q
WP_107499280.1	W	Q	H	G	E	Q
WP_046504757.1	W	Q	H	G	E	Q
WP_076966818.1	W	Q	H	G	E	Q
WP_123080808.1	W	Q	H	G	E	Q
WP_073775881.1	W	Q	H	G	E	Q
WP_099174944.1	W	Q	H	G	E	Q
WP_055645289.1	W	Q	H	G	E	Q
WP_030562341.1	W	Q	H	G	E	Q
WP_143628492.1	W	Q	H	G	E	Q
WP_069169449.1	W	Q	H	G	E	Q
WP_064068828.1	W	Q	H	G	E	Q
WP_099920134.1	W	Q	H	G	E	Q
WP_097874965.1	W	Q	H	G	E	Q
WP_143656075.1	W	Q	H	G	E	Q
WP_097286651.1	W	Q	H	G	E	Q
WP_099280914.1	W	Q	H	G	E	Q
WP_153483660.1	W	Q	H	G	E	Q
WP_150493128.1	W	Q	H	G	E	Q
WP_143603227.1	W	Q	H	G	E	Q
WP_132759034.1	W	Q	H	G	E	Q
WP_026241944.1	W	Q	H	G	E	Q
WP_097867356.1	W	Q	H	G	E	Q
WP_073221202.1	W	Q	H	G	E	Q
WP_069926345.1	W	Q	H	G	E	Q
WP_150486850.1	W	Q	H	G	E	Q
TQO33709.1	W	Q	H	G	E	Q
WP_114934283.1	W	Q	H	G	E	Q
WP_150273455.1	W	Q	H	G	E	Q
WP_125620958.1	W	Q	H	G	E	Q
WP_103536372.1	W	Q	H	G	E	Q
WP_073881684.1	W	Q	H	G	E	Q
WP_075031015.1	W	Q	H	G	E	Q
WP_040025757.1	W	Q	H	G	E	Q
WP_145502450.1	W	Q	H	G	E	Q
WP_124275409.1	W	Q	H	G	E	Q
WP_098026105.1	W	Q	H	G	E	Q
WP_086779914.1	W	Q	H	G	E	Q
SCD67727.1	W	Q	H	G	E	Q
WP_129266174.1	W	Q	H	G	E	Q
WP_101401576.1	W	Q	H	G	E	Q
WP_093751506.1	W	Q	H	G	E	Q
WP_032753963.1	W	Q	H	G	E	Q
WP_097934848.1	W	Q	H	G	E	Q
AGK80937.1	W	Q	H	G	E	Q
WP_094213081.1	W	Q	H	G	E	Q
WP_031155836.1	W	Q	H	G	E	Q
WP_030625410.1	W	Q	H	G	E	Q
WP_030083810.1	W	Q	H	G	E	Q
WP_055559672.1	W	Q	H	G	E	Q
WP_043974997.1	W	Q	H	G	E	Q
WP_031127144.1	W	Q	H	G	E	Q
WP_067375832.1	W	Q	H	G	E	Q
WP_103531463.1	W	Q	H	G	E	Q
WP_095852047.1	W	Q	H	G	E	Q
WP_073719152.1	W	Q	H	G	E	Q
WP_099219883.1	W	Q	H	G	E	Q
WP_046908367.1	W	Q	H	G	E	Q
WP_119828224.1	W	Q	H	G	E	Q
WP_097224495.1	W	Q	H	G	E	Q
WP_031146400.1	W	Q	H	G	E	Q
WP_028418142.1	W	Q	H	G	E	Q
WP_084751188.1	W	Q	H	G	E	Q
WP_104784634.1	W	Q	H	G	E	Q
WP_124280752.1	W	Q	H	G	E	Q
WP_084991385.1	W	Q	H	G	E	Q
WP_151769895.1	W	Q	H	G	E	Q
WP_121414733.1	W	Q	H	G	E	Q
WP_056791922.1	W	Q	H	G	E	Q
WP_093693060.1	W	Q	H	G	E	Q
WP_125744044.1	W	Q	H	G	E	Q
PJN13298.1	W	Q	H	G	E	Q
WP_033322620.1	W	Q	H	G	E	Q
WP_155072256.1	W	Q	H	G	E	Q
WP_132915099.1	W	Q	H	G	E	Q
WP_030966328.1	W	Q	H	G	E	Q
WP_024761999.1	W	Q	H	G	E	Q
WP_100591324.1	W	Q	H	G	E	Q
WP_125543204.1	W	Q	H	G	E	Q
WP_116508534.1	W	Q	H	G	E	Q
WP_037634496.1	W	Q	H	G	E	Q
WP_125814993.1	W	Q	H	G	E	Q
WP_060179799.1	W	Q	H	G	E	Q
WP_150206690.1	W	Q	H	G	E	Q
WP_147984193.1	W	Q	H	G	E	Q
WP_030847861.1	W	Q	H	G	E	Q
WP_046779477.1	W	Q	H	G	E	Q
WP_054226736.1	W	Q	H	G	E	Q
WP_093607629.1	W	Q	H	G	E	Q
WP_053713458.1	W	Q	H	G	E	Q
WP_053612476.1	W	Q	H	G	E	Q
KIF00658.1	W	Q	H	G	E	Q
WP_030651740.1	W	Q	H	G	E	Q
WP_045948391.1	W	Q	H	G	E	Q
WP_109915322.1	W	Q	H	G	E	Q
WP_076046341.1	W	Q	H	G	E	Q
WP_053626046.1	W	Q	H	G	E	Q
WP_151509770.1	W	Q	H	G	E	Q
EDY52447.1	W	Q	H	G	E	Q
WP_147980536.1	W	Q	H	G	E	Q
WP_053631000.1	W	Q	H	G	E	Q
WP_003962229.1	W	Q	H	G	E	Q
WP_048480460.1	W	Q	H	G	E	Q
WP_040246518.1	W	Q	H	G	E	Q
WP_030903075.1	W	Q	H	G	E	Q
WP_031151317.1	W	Q	H	G	E	Q
WP_053706264.1	W	Q	H	G	E	Q
WP_136229587.1	W	Q	H	G	E	Q
WP_109163001.1	W	Q	H	G	E	Q
WP_053685607.1	W	Q	H	G	E	Q
WP_045322395.1	W	Q	H	G	E	Q
WP_033300186.1	W	Q	H	G	E	Q
WP_007267242.1	W	Q	H	G	E	Q
WP_030824477.1	W	Q	H	G	E	Q
WP_051696662.1	W	Q	H	G	E	Q
WP_145811949.1	W	Q	H	G	E	Q
WP_114054808.1	W	Q	H	G	E	Q
WP_129768877.1	W	Q	H	G	E	Q
WP_127826145.1	W	Q	H	G	E	Q
WP_123511993.1	W	Q	H	G	E	Q
WP_099888929.1	W	Q	H	G	E	Q
WP_099943837.1	W	Q	H	G	E	Q
WP_069922498.1	W	Q	H	G	E	Q
WP_051805343.1	W	Q	H	G	E	Q
WP_125822951.1	W	Q	H	G	E	Q
WP_125595141.1	W	Q	H	G	E	Q
WP_112452611.1	W	Q	H	G	E	Q
WP_073749291.1	W	Q	H	G	E	Q
GES31153.1	W	Q	H	G	E	Q
WP_053788336.1	W	Q	H	G	E	Q
WP_037915397.1	W	Q	H	G	E	Q
WP_128981164.1	W	Q	H	G	E	Q
WP_125638760.1	W	Q	H	G	E	Q
WP_148013189.1	W	Q	H	G	E	Q
WP_103760857.1	W	Q	H	G	E	Q
WP_078074458.1	W	Q	H	G	E	Q
WP_031095441.1	W	Q	H	G	E	Q
WP_069630926.1	W	Q	H	G	E	Q
WP_114626143.1	W	Q	H	G	E	Q
WP_053684798.1	W	Q	H	G	E	Q
WP_030767834.1	W	Q	H	G	E	Q
WP_030637754.1	W	Q	H	G	E	Q
WP_109879382.1	W	Q	H	G	E	Q
WP_030879590.1	W	Q	H	G	E	Q
WP_107050576.1	W	Q	H	G	E	Q
WP_030124708.1	W	Q	H	G	E	Q
WP_015579286.1	W	Q	H	G	E	Q
WP_147875257.1	W	Q	H	G	E	Q
WP_135063819.1	W	Q	H	G	E	Q
WP_030350702.1	W	Q	H	G	E	Q
WP_121016650.1	W	Q	H	G	E	Q
WP_079406487.1	W	Q	H	G	E	Q
WP_014153288.1	W	Q	H	G	E	Q
WP_128509025.1	W	Q	H	G	E	Q
WP_079430318.1	W	Q	H	G	E	Q
WP_053177170.1	W	Q	H	G	E	Q
WP_150260102.1	W	Q	H	G	E	Q
WP_023537860.1	W	Q	H	G	E	Q
WP_100862623.1	W	Q	H	G	E	Q
WP_033249135.1	W	Q	H	G	E	Q
WP_030904776.1	W	Q	H	G	E	Q
WP_030760473.1	W	Q	H	G	E	Q
WP_073909456.1	W	Q	H	G	E	Q
WP_109777919.1	W	Q	H	G	E	Q
WP_081522130.1	W	Q	H	G	E	Q
WP_030386022.1	W	Q	H	G	E	Q
WP_153288028.1	W	Q	H	G	E	Q
WP_033217791.1	W	Q	H	G	E	Q
WP_030719984.1	W	Q	H	G	E	Q
ATZ23797.1	W	Q	H	G	E	Q
WP_037687865.1	W	Q	H	G	E	Q
WP_081219990.1	W	Q	H	G	E	Q
WP_053704605.1	W	Q	H	G	E	Q
WP_150517328.1	W	Q	H	G	E	Q
WP_045865722.1	W	Q	H	G	E	Q
SNX78289.1	W	Q	H	G	E	Q
PVE04012.1	W	Q	H	G	E	Q
RKT07544.1	W	Q	H	G	E	Q
RPF44837.1	W	Q	H	G	E	Q
WP_098754196.1	W	Q	H	G	E	Q
WP_136742415.1	W	Q	H	G	E	Q
PKB09475.1	W	Q	H	G	E	Q
WP_069622429.1	W	Q	H	G	E	Q
WP_079122327.1	W	Q	H	G	E	Q
WP_124270856.1	W	Q	H	G	E	Q
WP_030752414.1	W	Q	H	G	E	Q
WP_150831670.1	W	Q	H	G	E	Q
WP_078847730.1	W	Q	H	G	E	Q
WP_100205471.1	W	Q	H	G	E	Q
WP_071965980.1	W	Q	H	G	E	Q
WP_150250412.1	W	Q	H	G	E	Q
KOT76212.1	W	Q	H	G	E	Q
WP_028430350.1	W	Q	H	G	E	Q
WP_087925652.1	W	Q	H	G	E	Q
KOG54234.1	W	Q	H	G	E	Q
WP_019711035.1	W	Q	H	G	E	Q
WP_130881673.1	W	Q	H	G	E	Q
WP_125534473.1	W	Q	H	G	E	Q
WP_030544377.1	W	Q	H	G	E	Q
WP_030182964.1	W	Q	H	G	E	Q
KWT60946.1	W	Q	H	G	E	Q
WP_030893793.1	W	Q	H	G	E	Q
WP_030889235.1	W	Q	H	G	E	Q
GEB53312.1	W	Q	H	G	E	Q
WP_095580126.1	W	Q	H	G	E	Q
KEF10768.1	W	Q	H	G	E	Q
ELQ78790.1	W	Q	H	G	E	Q
KOT56370.1	W	Q	H	G	E	Q
WP_113688116.1	W	Q	H	G	E	Q
SPE64331.1	W	Q	H	G	E	Q
RYZ42164.1	W	Q	H	G	E	Q
WP_046715524.1	W	Q	H	G	E	Q
WP_050514716.1	W	Q	H	G	E	Q
WP_125626274.1	W	Q	H	G	E	Q
WP_086577466.1	W	Q	H	G	E	Q
WP_031160635.1	W	Q	H	G	E	Q
WP_083559708.1	W	Q	H	G	E	Q
SHF12932.1	W	Q	H	G	E	Q
WP_120627981.1	W	Q	H	G	E	Q
WP_093888172.1	W	Q	H	G	E	Q
WP_141325616.1	W	Q	H	G	E	Q
WP_120593960.1	W	Q	H	G	E	Q
WP_012894605.1	W	Q	H	G	E	Q
WP_030599594.1	W	Q	H	G	E	Q
OKI04111.1	W	Q	H	G	E	Q
WP_120545160.1	W	Q	H	G	E	Q
WP_120584566.1	W	Q	H	G	E	Q
WP_079272366.1	W	Q	H	G	E	Q
WP_082346214.1	W	Q	H	G	E	Q
WP_079027940.1	W	Q	H	G	E	Q
WP_083999459.1	W	Q	H	G	E	Q
WP_030375387.1	W	Q	H	G	E	Q
WP_079108522.1	W	Q	H	G	E	Q
AKF86775.1	W	Q	H	G	E	Q
WP_030637208.1	W	Q	H	G	E	Q
WP_015351745.1	W	Q	H	G	E	Q
WP_031008613.1	W	Q	H	G	E	Q
WP_117488147.1	W	Q	H	G	E	Q
TCP44714.1	W	Q	H	G	E	Q
WP_030652093.1	W	Q	H	G	E	Q
WP_125521556.1	W	Q	H	G	E	Q
WP_031191004.1	W	Q	H	G	E	Q
ROQ76663.1	W	Q	H	G	E	Q
WP_033034236.1	W	Q	H	G	E	Q
WP_014395940.1	W	Q	H	G	E	Q
WP_106516383.1	W	Q	H	G	E	Q
WP_083959513.1	W	Q	H	G	E	Q
WP_063787058.1	W	Q	H	G	E	Q
WP_124722719.1	W	Q	H	G	E	Q
WP_106587126.1	W	Q	H	G	E	Q
WP_103490797.1	W	Q	H	G	E	Q
WP_089210450.1	W	Q	H	G	E	Q
WP_120548517.1	W	Q	H	G	E	Q
WP_143648810.1	W	Q	H	G	E	Q
WP_099014157.1	W	Q	H	G	E	Q
SEC26465.1	W	Q	H	G	E	Q
WP_039631785.1	W	Q	H	G	E	Q
RYZ45248.1	W	Q	H	G	E	Q
WP_102925793.1	W	Q	H	G	E	Q
WP_063349087.1	W	Q	H	G	E	Q
WP_120588493.1	W	Q	H	G	E	Q
WP_030887828.1	W	Q	H	G	E	Q
WP_120534911.1	W	Q	H	G	E	Q
WP_121711232.1	W	Q	H	G	E	Q
WP_120553311.1	W	Q	H	G	E	Q
WP_120574734.1	W	Q	H	G	E	Q
WP_053698957.1	W	Q	H	G	E	Q
WP_031082598.1	W	Q	H	G	E	Q
WP_079258087.1	W	Q	H	G	E	Q
RKR93108.1	W	Q	H	G	E	Q
WP_120567096.1	W	Q	H	G	E	Q
PKV27614.1	W	Q	H	G	E	Q
WP_073448924.1	W	Q	H	G	E	Q
WP_097237603.1	W	Q	H	G	E	Q
WP_121174898.1	W	Q	H	G	E	Q
WP_121759374.1	W	Q	H	G	E	Q
WP_121751522.1	W	Q	H	G	E	Q
SOB83764.1	W	Q	H	G	E	Q
WP_020416281.1	W	Q	H	G	E	Q
WP_063729913.1	W	Q	H	G	E	Q
WP_148835960.1	W	Q	H	G	E	Q
TQN33430.1	W	Q	H	G	E	Q
WP_138915029.1	W	Q	H	G	E	Q
AEM88164.1	W	Q	H	G	E	Q
KJS55748.1	W	Q	H	G	E	Q
WP_132929044.1	W	Q	H	G	E	Q
WP_123107281.1	W	Q	H	G	E	Q
WP_100602818.1	W	Q	H	G	E	Q
WP_030838314.1	W	Q	H	G	E	Q
WP_126933950.1	W	Q	H	G	E	Q
WP_075806926.1	W	Q	H	G	E	Q
WP_083982575.1	W	Q	H	G	E	Q
WP_067346104.1	W	Q	H	G	E	Q
WP_018105462.1	W	Q	H	G	E	Q
KOG85156.1	W	Q	H	G	E	Q
WP_110700588.1	W	Q	H	G	E	Q
WP_067003646.1	W	Q	H	G	E	Q
WP_150489940.1	W	Q	H	G	E	Q
WP_139914783.1	W	Q	H	G	E	Q
WP_123466157.1	W	Q	H	G	E	Q
SCD50088.1	W	Q	H	G	E	Q
WP_051422100.1	W	Q	H	G	E	Q
WP_037960532.1	W	Q	H	G	E	Q
WP_136207002.1	W	Q	H	G	E	Q
WP_060948161.1	W	Q	H	G	E	Q
WP_014045774.1	W	Q	H	G	E	Q
WP_018520513.1	W	Q	H	G	E	Q
WP_086884518.1	W	Q	H	G	E	Q
SDC56209.1	W	Q	H	G	E	Q
WP_093821260.1	W	Q	H	G	E	Q
WP_051673701.1	W	Q	H	G	E	Q
WP_046086532.1	W	Q	H	G	E	Q
WP_102935034.1	W	Q	H	G	E	Q
WP_084022700.1	W	Q	H	G	E	Q
WP_086570194.1	W	Q	H	G	E	Q
WP_086883209.1	W	Q	H	G	E	Q
WP_078642148.1	W	Q	H	G	E	Q
WP_051573173.1	W	Q	H	G	E	Q
WP_111379381.1	W	Q	H	G	E	Q
WP_033304673.1	W	Q	H	G	E	Q
WP_059142099.1	W	Q	H	G	E	Q
WP_030553180.1	W	Q	H	G	E	Q
WP_122978622.1	W	Q	H	G	E	Q
WP_030281038.1	W	Q	H	G	E	Q
WP_044573377.1	W	Q	H	G	E	Q
WP_132904081.1	W	Q	H	G	E	Q
WP_137965871.1	W	Q	H	G	E	Q
WP_017572203.1	W	Q	H	G	E	Q
WP_009716900.1	W	Q	H	G	E	Q
WP_119989624.1	W	Q	H	G	E	Q
WP_073722556.1	W	Q	H	G	E	Q
WP_155335127.1	W	Q	H	G	E	Q
WP_063730850.1	W	Q	H	G	E	Q
BBJ43635.1	W	Q	H	G	E	Q
WP_091027181.1	W	Q	H	G	E	Q
SBO95993.1	W	Q	H	G	E	Q
WP_026249973.1	W	Q	H	G	E	Q
WP_076817581.1	W	Q	H	G	E	Q
WP_125803332.1	W	Q	H	G	E	Q
WP_123100358.1	W	Q	H	G	E	Q
EFL22521.1	W	Q	H	G	E	Q
WP_125758980.1	W	Q	H	G	E	Q
WP_143618030.1	W	Q	H	G	E	Q
WP_137978057.1	W	Q	H	G	E	Q
WP_147971671.1	W	Q	H	G	E	Q
WP_019545900.1	W	Q	H	G	E	Q
ROS41015.1	W	Q	H	G	E	Q
WP_079080372.1	W	Q	H	G	E	Q
WP_067082549.1	W	Q	H	G	E	Q
WP_059142490.1	W	Q	H	G	E	Q
WP_045747286.1	W	Q	H	G	E	Q
WP_121162896.1	W	Q	H	G	E	Q
WP_086572548.1	W	Q	H	G	E	Q
WP_078468395.1	W	Q	H	G	E	Q
WP_078605564.1	W	Q	H	G	E	Q
WP_138915546.1	W	Q	H	G	E	Q
PNG94293.1	W	Q	H	G	E	Q
WP_079150112.1	W	Q	H	G	E	Q
WP_093461970.1	W	Q	H	G	E	Q
WP_014157103.1	W	Q	H	G	E	Q
WP_111339653.1	W	Q	H	G	E	Q
WP_145823710.1	W	Q	H	G	E	Q
WP_075806912.1	W	Q	H	G	E	Q
WP_043266770.1	W	Q	H	G	E	Q
TWG06335.1	W	Q	H	G	E	Q
WP_125760955.1	W	Q	H	G	E	Q
WP_141925323.1	W	Q	H	G	E	Q
WP_129843451.1	W	Q	H	G	E	Q
WP_119988666.1	W	Q	H	G	E	Q
WP_061300379.1	W	Q	H	G	E	Q
WP_147962137.1	W	Q	H	G	E	Q
WP_121824280.1	W	Q	H	G	E	Q
WP_093705342.1	W	Q	H	G	E	Q
WP_015576564.1	W	Q	H	G	E	Q
WP_078641551.1	W	Q	H	G	E	Q
WP_051270251.1	W	Q	H	G	E	Q
WP_020870387.1	W	Q	H	G	E	Q
WP_111647045.1	W	Q	H	G	E	Q
WP_077692952.1	W	Q	H	G	E	Q
WP_040276470.1	W	Q	H	G	E	Q
WP_063752748.1	W	Q	H	G	E	Q
WP_133743256.1	W	Q	H	G	E	Q
ROQ70345.1	W	Q	H	G	E	Q
WP_081617640.1	W	Q	H	G	E	Q
SFY37652.1	W	Q	H	G	E	Q
SDR36563.1	W	Q	H	G	E	Q
WP_043237430.1	W	Q	H	G	E	Q
AQA09387.1	W	Q	H	G	E	Q
WP_066364017.1	W	Q	H	G	E	Q
WP_044379657.1	W	Q	H	G	E	Q
WP_016906866.1	W	Q	H	G	E	Q
WP_026420524.1	W	Q	H	G	E	Q
WP_136183422.1	W	Q	H	G	E	Q
WP_073700718.1	W	Q	H	G	E	Q
WP_044574935.1	W	Q	H	G	E	Q
WP_106237997.1	W	Q	H	G	E	Q
WP_067136901.1	W	Q	H	G	E	Q
WP_132816472.1	W	Q	H	G	E	Q
WP_016576796.1	W	Q	H	G	E	Q
AEM87393.1	W	Q	H	G	E	Q
WP_100806899.1	W	Q	H	G	E	Q
WP_097634024.1	W	Q	H	G	E	Q
WP_079145057.1	W	Q	H	G	E	Q
WP_035275462.1	W	Q	H	G	E	Q
KDQ67093.1	W	Q	H	G	E	Q
WP_027764821.1	W	Q	H	G	E	Q
WP_142104135.1	W	Q	H	G	E	Q
RZU86787.1	W	Q	H	G	E	Q
WP_107440934.1	W	Q	H	G	E	Q
WP_060952295.1	W	Q	H	G	E	Q
WP_062776616.1	W	Q	H	G	E	Q
WP_147964642.1	W	Q	H	G	E	Q
WP_136240545.1	W	Q	H	G	E	Q
WP_079150473.1	W	Q	H	G	E	Q
WP_045693559.1	W	Q	H	G	E	Q
AIJ20166.1	W	Q	H	G	E	Q
WP_031073511.1	W	Q	H	G	E	Q
WP_120698752.1	W	Q	H	G	E	Q
WP_093802879.1	W	Q	H	G	E	Q
WP_094003396.1	W	Q	H	G	E	Q
WP_147258810.1	W	Q	H	G	E	Q
PNG98287.1	W	Q	H	G	E	Q
PKV82504.1	W	Q	H	G	E	Q
WP_079153482.1	W	Q	H	G	E	Q
WP_062213189.1	W	Q	H	G	E	Q
GAQ52453.1	W	Q	H	G	E	Q
WP_043521705.1	W	Q	H	G	E	Q
WP_030832381.1	W	Q	H	G	E	Q
TCN41592.1	W	Q	H	G	E	Q
WP_129261709.1	W	Q	H	G	E	Q
WP_150254058.1	W	Q	H	G	E	Q
WP_127502488.1	W	Q	H	G	E	Q
WP_103055418.1	W	Q	H	G	E	Q
SJZ88925.1	W	Q	H	G	E	Q
SDI29664.1	W	Q	H	G	E	Q
WP_033437275.1	W	Q	H	G	E	Q
WP_130395511.1	W	Q	H	G	E	Q
WP_078900393.1	W	Q	H	G	E	Q
KND26084.1	W	Q	H	G	E	Q
WP_124279531.1	W	Q	H	G	E	Q
WP_076686451.1	W	Q	H	G	E	Q
WP_071803444.1	W	Q	H	G	E	Q
WP_138698371.1	W	Q	H	G	E	Q
WP_047869936.1	W	Q	H	G	E	Q
WP_026249212.1	W	Q	H	G	E	Q
WP_026114609.1	W	Q	H	G	E	Q
WP_106329052.1	W	Q	H	G	E	Q
OPC85028.1	W	Q	H	G	E	Q
WP_030257505.1	W	Q	H	G	E	Q
TVZ87273.1	W	Q	H	G	E	Q
WP_126636543.1	W	Q	H	G	E	Q
WP_078513186.1	W	Q	H	G	E	Q
PJJ50582.1	W	Q	H	G	E	Q
WP_078656626.1	W	Q	H	G	E	Q
WP_079255790.1	W	Q	H	G	E	Q
WP_114663345.1	W	Q	H	G	E	Q
SNX79323.1	W	Q	H	G	E	Q
WP_093701645.1	W	Q	H	G	E	Q
WP_144750581.1	W	Q	H	G	E	Q
WP_136315580.1	W	Q	H	G	E	Q
WP_125638133.1	W	Q	H	G	E	Q
WP_049564363.1	W	Q	H	G	E	Q
WP_093616751.1	W	Q	H	G	E	Q
WP_062349636.1	W	Q	H	G	E	Q
TWF56301.1	W	Q	H	G	E	Q
WP_106401328.1	W	Q	H	G	E	Q
KUL66190.1	W	Q	H	G	E	Q
WP_024494031.1	W	Q	H	G	E	Q
TQJ81259.1	W	Q	H	G	E	Q
WP_013155404.1	W	Q	H	G	E	Q
OLF11783.1	W	Q	H	G	E	Q
WP_099177928.1	W	Q	H	G	E	Q
WP_046084992.1	W	Q	H	G	E	Q
WP_019607684.1	W	Q	H	G	E	Q
WP_079573514.1	W	Q	H	G	E	Q
WP_086815578.1	W	Q	H	G	E	Q
WP_145767464.1	W	Q	H	G	E	Q
AGP57684.1	W	Q	H	G	E	Q
WP_127548593.1	W	Q	H	G	E	Q
WP_123527958.1	W	Q	H	G	E	Q
DcUGT2_S10	W	Q	H	G	E	Q
XP_022714589.1	W	Q	H	G	E	Q
RZC66738.1	W	Q	H	G	E	Q
WP_079179677.1	W	Q	H	G	E	Q
XP_023928532.1	W	Q	H	G	E	Q
SEB87479.1	W	Q	H	G	E	Q
WP_153413670.1	W	Q	H	G	E	Q
WP_089506176.1	W	Q	H	G	E	Q
WP_043468416.1	W	Q	H	G	E	Q
KAA3488664.1	W	Q	H	G	E	Q
WP_088799072.1	W	Q	H	G	E	Q
XP_002518722.3	W	Q	H	G	E	Q
SFY49604.1	W	Q	H	G	E	Q
KJB79374.1	W	Q	H	G	E	Q
WP_089297298.1	W	Q	H	G	E	Q
WP_047224804.1	W	Q	H	G	E	Q
XP_010905295.1	W	Q	H	G	E	Q
TYI45580.1	W	Q	H	G	E	Q
XP_023885854.1	W	Q	H	G	E	Q
XP_008340172.2	W	Q	H	G	E	Q
WP_094805004.1	W	Q	H	G	E	Q
XP_030942930.1	W	Q	H	G	E	Q
SCE12895.1	W	Q	H	G	E	Q
XP_010107891.2	W	Q	H	G	E	Q
CDR09674.1	W	Q	H	G	E	Q
RQX39746.1	W	Q	H	G	E	Q
WP_037710056.1	W	Q	H	G	E	Q
XP_015892781.1	W	Q	H	G	E	Q
TXG64255.1	W	Q	H	G	E	Q
WP_130457354.1	W	Q	H	G	E	Q
WP_055497196.1	W	Q	H	G	E	Q
WP_150237974.1	W	Q	H	G	E	Q
WP_018842115.1	W	Q	H	G	E	Q
WP_045938094.1	W	Q	H	G	E	Q
XP_023912799.1	W	Q	H	G	E	Q
XP_030945000.1	W	Q	H	G	E	Q
WP_053648398.1	W	Q	H	G	E	Q
PSS02694.1	W	Q	H	G	E	Q
WP_014442329.1	W	Q	H	G	E	Q
WP_030406479.1	W	Q	H	G	E	Q
XP_023895143.1	W	Q	H	G	E	Q
PPS01008.1	W	Q	H	G	E	Q
WP_117670495.1	W	Q	H	G	E	Q
WP_132476830.1	W	Q	H	G	E	Q
WP_018851694.1	W	Q	H	G	E	Q
WP_030393438.1	W	Q	H	G	E	Q
GAY54942.1	W	Q	H	G	E	Q
XP_023877881.1	W	Q	H	G	E	Q
BAU82905.1	W	Q	H	G	E	Q
WP_018834689.1	W	Q	H	G	E	Q
WP_043237172.1	W	Q	H	G	E	Q
WP_079149467.1	W	Q	H	G	E	Q
WP_098242464.1	W	Q	H	G	E	Q
WP_073737770.1	W	Q	H	G	E	Q
RYQ84183.1	W	Q	H	G	E	Q
XP_010066838.1	W	Q	H	G	E	Q
WP_078761363.1	W	Q	H	G	E	Q
KCW64874.1	W	Q	H	G	E	Q
WP_133872083.1	W	Q	H	G	E	Q
OIK28326.1	W	Q	H	G	E	Q
WP_018658354.1	W	Q	H	G	E	Q
WP_137966350.1	W	Q	H	G	E	Q
WP_101897081.1	W	Q	H	G	E	Q
GAU29078.1	W	Q	H	G	E	Q
WP_031026448.1	W	Q	H	G	E	Q
XP_012465944.1	W	Q	H	G	E	Q
SBU90764.1	W	Q	H	G	E	Q
WP_112483768.1	W	Q	H	G	E	Q
WP_030813161.1	W	Q	H	G	E	Q
WP_150226127.1	W	Q	H	G	E	Q
WP_136739087.1	W	Q	H	G	E	Q
WP_059044053.1	W	Q	H	G	E	Q
WP_116110442.1	W	Q	H	G	E	Q
WP_090931113.1	W	Q	H	G	E	Q
WP_112476439.1	W	Q	H	G	E	Q
EOY19942.1	W	Q	H	G	E	Q
TYG36225.1	W	Q	H	G	E	Q
WP_037737840.1	W	Q	H	G	E	Q
WP_121003318.1	W	Q	H	G	E	Q
TCR69068.1	W	Q	H	G	E	Q
WP_063127770.1	W	Q	H	G	E	Q
TYH33263.1	W	Q	H	G	E	Q
XP_022763423.1	W	Q	H	G	E	Q
GAY54938.1	W	Q	H	G	E	Q
WP_131101031.1	W	Q	H	G	E	Q
WP_114397250.1	W	Q	H	G	E	Q
WP_010315737.1	W	Q	H	G	E	Q
TQE01524.1	W	Q	H	G	E	Q
XP_004137109.2	W	Q	H	G	E	Q
WP_109361224.1	W	Q	H	G	E	Q
WP_131766731.1	W	Q	H	G	E	Q
WP_100300800.1	W	Q	H	G	E	Q
WP_073380793.1	W	Q	H	G	E	Q
WP_037741058.1	W	Q	H	G	E	Q
TQE01526.1	W	Q	H	G	E	Q
XP_030942349.1	W	Q	H	G	E	Q
WP_050375500.1	W	Q	H	G	E	Q
WP_063817968.1	W	Q	H	G	E	Q
WP_153036853.1	W	Q	H	G	E	Q
XP_008358617.2	W	Q	H	G	E	Q
WP_075731505.1	W	Q	H	G	E	Q
WP_094926792.1	W	Q	H	G	E	Q
WP_145898526.1	W	Q	H	G	E	Q
XP_022952863.1	W	Q	H	G	E	Q
WP_055720313.1	W	Q	H	G	E	Q
SOD67307.1	W	Q	H	G	E	Q
PPD78051.1	W	Q	H	G	E	Q
WP_018738906.1	W	Q	H	G	E	Q
XP_015971306.1	W	Q	H	G	E	Q
XP_028076772.1	W	Q	H	G	E	Q
PIG56915.1	W	Q	H	G	E	Q
WP_075806972.1	W	Q	H	G	E	Q
XP_023553829.1	W	Q	H	G	E	Q
WP_093462805.1	W	Q	H	G	E	Q
WP_011113124.1	W	Q	H	G	E	Q
TQE01528.1	W	Q	H	G	E	Q
WP_030252655.1	W	Q	H	G	E	Q
WP_017537581.1	W	Q	H	G	E	Q
XP_025606037.1	W	Q	H	G	E	Q
WP_101468049.1	W	Q	H	G	E	Q
WP_127911169.1	W	Q	H	G	E	Q
XP_022972392.1	W	Q	H	G	E	Q
WP_069886702.1	W	Q	H	G	E	Q
WP_017627643.1	W	Q	H	G	E	Q
WP_030416344.1	W	Q	H	G	E	Q
SCE57926.1	W	Q	H	G	E	Q
WP_150175573.1	W	Q	H	G	E	Q
WP_018733693.1	W	Q	H	G	E	Q
WP_084522572.1	W	Q	H	G	E	Q
WP_055566267.1	W	Q	H	G	E	Q
WP_026119426.1	W	Q	H	G	E	Q
WP_029184299.1	W	Q	H	G	E	Q
WP_026271812.1	W	Q	H	G	E	Q
XP_020236624.1	W	Q	H	G	E	Q
XP_004304022.1	W	Q	H	G	E	Q
WP_087767726.1	W	Q	H	G	E	Q
Q9AT54.1	W	Q	H	G	E	Q
WP_028649686.1	W	Q	H	G	E	Q
WP_079172241.1	W	Q	H	G	E	Q
XP_023553805.1	W	Q	H	G	E	Q
WP_145739924.1	W	Q	H	G	E	Q
CAI78437.1	W	Q	H	G	E	Q
XP_021619010.1	W	Q	H	G	E	Q
WP_075133018.1	W	Q	H	G	E	Q
WP_101789119.1	W	Q	H	G	E	Q
WP_067604622.1	W	Q	H	G	E	Q
XP_003520067.1	W	Q	H	G	E	Q
XP_003518712.1	W	Q	H	G	E	Q
WP_030730506.1	W	Q	H	G	E	Q
EOY19946.1	W	Q	H	G	E	Q
AQZ63755.1	W	Q	H	G	E	Q
WP_151500952.1	W	Q	H	G	E	Q
WP_109280019.1	W	Q	H	G	E	Q
XP_022952847.1	W	Q	H	G	E	Q
WP_046725031.1	W	Q	H	G	E	Q
WP_079175645.1	W	Q	H	G	E	Q
WP_018514370.1	W	Q	H	G	E	Q
XP_028781159.1	W	Q	H	G	E	Q
PON33629.1	W	Q	H	G	E	Q
XP_010107898.2	W	Q	H	G	E	Q
WP_150405318.1	W	Q	H	G	E	Q
WP_071066988.1	W	Q	H	G	E	Q
XP_025195511.1	W	Q	H	G	E	Q
XP_030525034.1	W	Q	H	G	E	Q
WP_150188167.1	W	Q	H	G	E	Q
PSS29319.1	W	Q	H	G	E	Q
XP_021918118.1	W	Q	H	G	E	Q
WP_063003121.1	W	Q	H	G	E	Q
WP_055550000.1	W	Q	H	G	E	Q
WP_148034908.1	W	Q	H	G	E	Q
XP_021275778.1	W	Q	H	G	E	Q
WP_109979962.1	W	Q	H	G	E	Q
XP_022972394.1	W	Q	H	G	E	Q
WP_146468854.1	W	Q	H	G	E	Q
WP_110703151.1	W	Q	H	G	E	Q
WP_017591636.1	W	Q	H	G	E	Q
WP_017555776.1	W	Q	H	G	E	Q
WP_083297109.1	W	Q	H	G	E	Q
WP_047181116.1	W	Q	H	G	E	Q
KCW63754.1	W	Q	H	G	E	Q
XP_018732463.1	W	Q	H	G	E	Q
NP_001313106.1	W	Q	H	G	E	Q
XP_017972099.1	W	Q	H	G	E	Q
XP_028185907.1	W	Q	H	G	E	Q
WP_129767876.1	W	Q	H	G	E	Q
WP_150477853.1	W	Q	H	G	E	Q
QDJ74280.1	W	Q	H	G	E	Q
WP_059250195.1	W	Q	H	G	E	Q
XP_001948117.1	W	Q	H	G	E	Q
WP_082930922.1	W	Q	H	G	E	Q
XP_028783109.1	W	Q	H	G	E	Q
WP_037738202.1	W	Q	H	G	E	Q
WP_145810042.1	W	Q	H	G	E	Q
WP_055557770.1	W	Q	H	G	E	Q
XP_011658893.1	W	Q	H	G	E	Q
KAB1208500.1	W	Q	H	G	E	Q
RVW61285.1	W	Q	H	G	E	Q
WP_103836915.1	W	Q	H	G	E	Q
WP_091426938.1	W	Q	H	G	E	Q
PNF23054.1	W	Q	H	G	E	Q
WP_053720046.1	W	Q	H	G	E	Q
2IYA_A	W	Q	H	G	E	Q
XP_030942717.1	W	Q	H	G	E	Q
XP_019420863.1	W	Q	H	G	E	Q
WP_091043162.1	W	Q	H	G	E	Q
WP_055481177.1	W	Q	H	G	E	Q
WP_083395230.1	W	Q	H	G	E	Q
EXC17291.1	W	Q	H	G	E	Q
WP_013286314.1	W	Q	H	G	E	Q
XP_021663290.1	W	Q	H	G	E	Q
VVC25664.1	W	Q	H	G	E	Q
CAN65903.1	W	Q	H	G	E	Q
WP_043450174.1	W	Q	H	G	E	Q
WP_093683171.1	W	Q	H	G	E	Q
WP_052868552.1	W	Q	H	G	E	Q
WP_091327793.1	W	Q	H	G	E	Q
WP_123110138.1	W	Q	H	G	E	Q
XP_007011136.2	W	Q	H	G	E	Q
WP_147968232.1	W	Q	H	G	E	Q
XP_002282463.1	W	Q	H	G	E	Q
OWM79214.1	W	Q	H	G	E	Q
WP_113974102.1	W	Q	H	G	E	Q
XP_004505252.1	W	Q	H	G	E	Q
EOX98315.1	W	Q	H	G	E	Q
WP_056819712.1	W	Q	H	G	E	Q
WP_030783499.1	W	Q	H	G	E	Q
WP_029722039.1	W	Q	H	G	E	Q
WP_093540045.1	W	Q	H	G	E	Q
WP_142041837.1	W	Q	H	G	E	Q
WP_078967795.1	W	Q	H	G	E	Q
TKY59055.1	W	Q	H	G	E	Q
WP_069860858.1	W	Q	H	G	E	Q
WP_047894031.1	W	Q	H	G	E	Q
PKA90886.1	W	Q	H	G	E	Q
WP_037795649.1	W	Q	H	G	E	Q
XP_031381079.1	W	Q	H	G	E	Q
WP_087100011.1	W	Q	H	G	E	Q
XP_018831482.1	W	Q	H	G	E	Q
KAA8545846.1	W	Q	H	G	E	Q
WP_084532128.1	W	Q	H	G	E	Q
WP_015888674.1	W	Q	H	G	E	Q
XP_003518713.1	W	Q	H	G	E	Q
XP_011000854.1	W	Q	H	G	E	Q
VVA18225.1	W	Q	H	G	E	Q
WP_043324067.1	W	Q	H	G	E	Q
XP_021663291.1	W	Q	H	G	E	Q
WP_097233971.1	W	Q	H	G	E	Q
WP_092555357.1	W	Q	H	G	E	Q
WP_043787110.1	W	Q	H	G	E	Q
KDN85914.1	W	Q	H	G	E	Q
XP_021611852.1	W	Q	H	G	E	Q
XP_021753345.1	W	Q	H	G	E	Q
VVC25663.1	W	Q	H	G	E	Q
WP_142559883.1	W	Q	H	G	E	Q
XP_015892857.1	W	Q	H	G	E	Q
OON82557.1	W	Q	H	G	E	Q
WP_106410790.1	W	Q	H	G	E	Q
KCW64673.1	W	Q	H	G	E	Q
WP_120569915.1	W	Q	H	G	E	Q
WP_148440641.1	W	Q	H	G	E	Q
WP_063059862.1	W	Q	H	G	E	Q
XP_028062375.1	W	Q	H	G	E	Q
WP_063054874.1	W	Q	H	G	E	Q
WP_121683772.1	W	Q	H	G	E	Q
XP_016901676.1	W	Q	H	G	E	Q
ALO19886.1	W	Q	H	G	E	Q
WP_114014334.1	W	Q	H	G	E	Q
XP_030450792.1	W	Q	H	G	E	Q
WP_093564259.1	W	Q	H	G	E	Q
TDU54500.1	W	Q	H	G	E	Q
WP_114920400.1	W	Q	H	G	E	Q
WP_109278517.1	W	Q	H	G	E	Q
WP_132891134.1	W	Q	H	G	E	Q
XP_010066692.1	W	Q	H	G	E	Q
SFL54789.1	W	Q	H	G	E	Q
ARA67362.1	W	Q	H	G	E	Q
TDT40907.1	W	Q	H	G	E	Q
WP_046425609.1	W	Q	H	G	E	Q
TKS05223.1	W	Q	H	G	E	Q
WP_145486893.1	W	Q	H	G	E	Q
WP_018894383.1	W	Q	H	G	E	Q
WP_013476804.1	W	Q	H	G	E	Q
XP_022952864.1	W	Q	H	G	E	Q
ELB94632.1	W	Q	H	G	E	Q
WP_109454798.1	W	Q	H	G	E	Q
WP_030768106.1	W	Q	H	G	E	Q
XP_015869224.1	W	Q	H	G	E	Q
WP_093861827.1	W	Q	H	G	E	Q
WP_129818016.1	W	Q	H	G	E	Q
ODB74059.1	W	Q	H	G	E	Q
XP_028062380.1	W	Q	H	G	E	Q
XP_015892858.1	W	Q	H	G	E	Q
XP_028765877.1	W	Q	H	G	E	Q
WP_128136985.1	W	Q	H	G	E	Q
XP_019233766.1	W	Q	H	G	E	Q
RDY05043.1	W	Q	H	G	E	Q
WP_067411936.1	W	Q	H	G	E	Q
WP_147140220.1	W	Q	H	G	E	Q
XP_023713925.1	W	Q	H	G	E	Q
KAA8545843.1	W	Q	H	G	E	Q
WP_003947979.1	W	Q	H	G	E	Q
AKA44594.1	W	Q	H	G	E	Q
WP_093845428.1	W	Q	H	G	E	Q
WP_010637809.1	W	Q	H	G	E	Q
AAS55083.1	W	Q	H	G	E	Q
WP_064080091.1	W	Q	H	G	E	Q
WP_061404942.1	W	Q	H	G	E	Q
XP_004137108.1	W	Q	H	G	E	Q
OKI37846.1	W	Q	H	G	E	Q
WP_129845972.1	W	Q	H	G	E	Q
XP_015892856.1	W	Q	H	G	E	Q
WP_052847376.1	W	Q	H	G	E	Q
WP_033223278.1	W	Q	H	G	E	Q
WP_033242421.1	W	Q	H	G	E	Q
WP_008405698.1	W	Q	H	G	E	Q
WP_142051056.1	W	Q	H	G	E	Q
WP_129828985.1	W	Q	H	G	E	Q
WP_093267021.1	W	Q	H	G	E	Q
WP_053143184.1	W	Q	H	G	E	Q
XP_019189825.1	W	Q	H	G	E	Q
WP_109895761.1	W	Q	H	G	E	Q
WP_105412931.1	W	Q	H	G	E	Q
WP_037230577.1	W	Q	H	G	E	Q
TXG64261.1	W	Q	H	G	E	Q
WP_129811502.1	W	Q	H	G	E	Q
WP_080046875.1	W	Q	H	G	E	Q
BAO51837.1	W	Q	H	G	E	Q
XP_022972393.1	W	Q	H	G	E	Q
WP_121841891.1	W	Q	H	G	E	Q
WP_143943879.1	W	Q	H	G	E	Q
XP_030942630.1	W	Q	H	G	E	Q
OWM83710.1	W	Q	H	G	E	Q
WP_085478665.1	W	Q	H	G	E	Q
KAE8645858.1	W	Q	H	G	E	Q
XP_011658895.1	W	Q	H	G	E	Q
OMO74052.1	W	Q	H	G	E	Q
XP_027348313.1	W	Q	H	G	E	Q
WP_129811984.1	W	Q	H	G	E	Q
WP_112301237.1	W	Q	H	G	E	Q
WP_084525698.1	W	Q	H	G	E	Q
WP_107655898.1	W	Q	H	G	E	Q
XP_003518714.1	W	Q	H	G	E	Q
XP_010027866.1	W	Q	H	G	E	Q
GAF44628.1	W	Q	H	G	E	Q
BAF75890.1	W	Q	H	G	E	Q
XP_031392124.1	W	Q	H	G	E	Q
WP_030911377.1	W	Q	H	G	E	Q
OHX02305.1	W	Q	H	G	E	Q
WP_143192951.1	W	Q	H	G	E	Q
WP_061040666.1	W	Q	H	G	E	Q
WP_129849977.1	W	Q	H	G	E	Q
XP_028202033.1	W	Q	H	G	E	Q
WP_030993912.1	W	Q	H	G	E	Q
AII06234.1	W	Q	H	G	E	Q
XP_003518710.1	W	Q	H	G	E	Q
PON40839.1	W	Q	H	G	E	Q
XP_010027902.1	W	Q	H	G	E	Q
XP_022175455.1	W	Q	H	G	E	Q
WP_099907663.1	W	Q	H	G	E	Q
XP_011000865.1	W	Q	H	G	E	Q
XP_023705392.1	W	Q	H	G	E	Q
ROP37780.1	W	Q	H	G	E	Q
WP_017578927.1	W	Q	H	G	E	Q
RDY05042.1	W	Q	H	G	E	Q
TKY59058.1	W	Q	H	G	E	Q
XP_023713924.1	W	Q	H	G	E	Q
WP_039952925.1	W	Q	H	G	E	Q
WP_101276601.1	W	Q	H	G	E	Q
WP_030995854.1	W	Q	H	G	E	Q
WP_037842539.1	W	Q	H	G	E	Q
WP_127452340.1	W	Q	H	G	E	Q
XP_031122751.1	W	Q	H	G	E	Q
WP_086818193.1	W	Q	H	G	E	Q
WP_005244398.1	W	Q	H	G	E	Q
WP_075806951.1	W	Q	H	G	E	Q
XP_021863511.1	W	Q	H	G	E	Q
XP_026807342.1	W	Q	H	G	E	Q
WP_129819829.1	W	Q	H	G	E	Q
WP_095711239.1	W	Q	H	G	E	Q
PJT49236.1	W	Q	H	G	E	Q
WP_144285247.1	W	Q	H	G	E	Q
XP_021753343.1	W	Q	H	G	E	Q
WP_129836370.1	W	Q	H	G	E	Q
EID73367.1	W	Q	H	G	E	Q
WP_139648370.1	W	Q	H	G	E	Q
BAJ28150.1	W	Q	H	G	E	Q
WP_047465394.1	W	Q	H	G	E	Q
XP_021851290.1	W	Q	H	G	E	Q
WP_026215190.1	W	Q	H	G	E	Q
WP_009065032.1	W	Q	H	G	E	Q
XP_025653643.1	W	Q	H	G	E	Q
AHK28576.1	W	Q	H	G	E	Q
PWK30062.1	W	Q	H	G	E	Q
EHM31108.1	W	Q	H	G	E	Q
WP_151169553.1	W	Q	H	G	E	Q
WP_129285794.1	W	Q	H	G	E	Q
XP_010027899.1	W	Q	H	G	E	Q
WP_010268499.1	W	Q	H	G	E	Q
WP_073367190.1	W	Q	H	G	E	Q
XP_015950322.1	W	Q	H	G	E	Q
NP_001312061.1	W	Q	H	G	E	Q
WP_086810916.1	W	Q	H	G	E	Q
WP_123743523.1	W	Q	H	G	E	Q
KAA8532161.1	W	Q	H	G	E	Q
XP_030525157.1	W	Q	H	G	E	Q
PNX71259.1	W	Q	H	G	E	Q
XP_019166340.1	W	Q	H	G	E	Q
XP_027838483.1	W	Q	H	G	E	Q
XP_030450793.1	W	Q	H	G	E	Q
XP_023705388.1	W	Q	H	G	E	Q
WP_030696244.1	W	Q	H	G	E	Q
XP_028783105.1	W	Q	H	G	E	Q
WP_100452782.1	W	Q	H	G	E	Q
WP_018468086.1	W	Q	H	G	E	Q
XP_016180074.1	W	Q	H	G	E	Q
WP_072943013.1	W	Q	H	G	E	Q
XP_010027865.1	W	Q	H	G	E	Q
BAG80550.1	W	Q	H	G	E	Q
XP_011658896.1	W	Q	H	G	E	Q
SDJ82229.1	W	Q	H	G	E	Q
TKY59056.1	W	Q	H	G	E	Q
WP_041996408.1	W	Q	H	G	E	Q
XP_014621819.1	W	Q	H	G	E	Q
XP_010027900.1	W	Q	H	G	E	Q
WP_047138506.1	W	Q	H	G	E	Q
XP_015062099.1	W	Q	H	G	E	Q
RZC24340.1	W	Q	H	G	E	Q
WP_124568769.1	W	Q	H	G	E	Q
AAK28304.1	W	Q	H	G	E	Q
WP_073805487.1	W	Q	H	G	E	Q
SEC44564.1	W	Q	H	G	E	Q
WP_136099595.1	W	Q	H	G	E	Q
PNF35869.1	W	Q	H	G	E	Q
RAJ43510.1	W	Q	H	G	E	Q
WP_149563499.1	W	Q	H	G	E	Q
XP_023705398.1	W	Q	H	G	E	Q
WP_124272541.1	W	Q	H	G	E	Q
ONH91688.1	W	Q	H	G	E	Q
WP_085563496.1	W	Q	H	G	E	Q
WP_128462779.1	W	Q	H	G	E	Q
ACO44747.1	W	Q	H	G	E	Q
KNA16954.1	W	Q	H	G	E	Q
PON82021.1	W	Q	H	G	E	Q
XP_030475946.1	W	Q	H	G	E	Q
WP_008748073.1	W	Q	H	G	E	Q
WP_003955207.1	W	Q	H	G	E	Q
PSN55491.1	W	Q	H	G	E	Q
XP_016539537.1	W	Q	H	G	E	Q
WP_062978515.1	W	Q	H	G	E	Q
WP_033238650.1	W	Q	H	G	E	Q
WP_020018093.1	W	Q	H	G	E	Q
PSS02692.1	W	Q	H	G	E	Q
WP_115069915.1	W	Q	H	G	E	Q
WP_043780940.1	W	Q	H	G	E	Q
WP_033947598.1	W	Q	H	G	E	Q
WP_128511116.1	W	Q	H	G	E	Q
XP_021624919.1	W	Q	H	G	E	Q
XP_021917429.1	W	Q	H	G	E	Q
WP_099881854.1	W	Q	H	G	E	Q
WP_093853802.1	W	Q	H	G	E	Q
XP_024637606.1	W	Q	H	G	E	Q
WP_095971408.1	W	Q	H	G	E	Q
AGI99472.1	W	Q	H	G	E	Q
BAG17901.1	W	Q	H	G	E	Q
XP_009787720.1	W	Q	H	G	E	Q
XP_017220147.1	W	Q	H	G	E	Q
XP_015865655.1	W	Q	H	G	E	Q
WP_007827340.1	W	Q	H	G	E	Q
XP_020236635.1	W	Q	H	G	E	Q
NP_001315561.1	W	Q	H	G	E	Q
WP_030892408.1	W	Q	H	G	E	Q
WP_028937728.1	W	Q	H	G	E	Q
WP_063484661.1	W	Q	H	G	E	Q
XP_028781164.1	W	Q	H	G	E	Q
SMC84165.1	W	Q	H	G	E	Q
WP_063037619.1	W	Q	H	G	E	Q
EJI96380.1	W	Q	H	G	E	Q
SCD66723.1	W	Q	H	G	E	Q
WP_051055216.1	W	Q	H	G	E	Q
EXC17298.1	W	Q	H	G	E	Q
WP_050655464.1	W	Q	H	G	E	Q
XP_028765882.1	W	Q	H	G	E	Q
KXJ82204.1	W	Q	H	G	E	Q
ADV71369.1	W	Q	H	G	E	Q
BAG80536.1	W	Q	H	G	E	Q
WP_095683154.1	W	Q	H	G	E	Q
XP_010057244.1	W	Q	H	G	E	Q
WP_093420532.1	W	Q	H	G	E	Q
XP_015892780.1	W	Q	H	G	E	Q
WP_030455863.1	W	Q	H	G	E	Q
WP_087775821.1	W	Q	H	G	E	Q
WP_141471522.1	W	Q	H	G	E	Q
SCG39881.1	W	Q	H	G	E	Q
WP_033256850.1	W	Q	H	G	E	Q
APH01914.1	W	Q	H	G	E	Q
BBJ42791.1	W	Q	H	G	E	Q
XP_019434958.1	W	Q	H	G	E	Q
WP_124287149.1	W	Q	H	G	E	Q
XP_030523152.1	W	Q	H	G	E	Q
WP_016883929.1	W	Q	H	G	E	Q
AUI41116.1	W	Q	H	G	E	Q
XP_023553807.1	W	Q	H	G	E	Q
XP_010027836.1	W	Q	H	G	E	Q
WP_150221408.1	W	Q	H	G	E	Q
EGE40562.1	W	Q	H	G	E	Q
WP_135240153.1	W	Q	H	G	E	Q
EKT83134.1	W	Q	H	G	E	Q
XP_010027867.1	W	Q	H	G	E	Q
WP_041811913.1	W	Q	H	G	E	Q
WP_037675873.1	W	Q	H	G	E	Q
WP_075806947.1	W	Q	H	G	E	Q
XP_021940882.1	W	Q	H	G	E	Q
WP_041841340.1	W	Q	H	G	E	Q
XP_002518717.1	W	Q	H	G	E	Q
WP_023422827.1	W	Q	H	G	E	Q
XP_019165282.1	W	Q	H	G	E	Q
TMX00488.1	W	Q	H	G	E	Q
WP_129281857.1	W	Q	H	G	E	Q
WP_041323026.1	W	Q	H	G	E	Q
ESR36210.1	W	Q	H	G	E	Q
WP_087557711.1	W	Q	H	G	E	Q
OHV33470.1	W	Q	H	G	E	Q
SDH28253.1	W	Q	H	G	E	Q
WP_037308838.1	W	Q	H	G	E	Q
KDR20346.1	W	Q	H	G	E	Q
XP_008454968.1	W	Q	H	G	E	Q
XP_027915528.1	W	Q	H	G	E	Q
XP_023885853.1	W	Q	H	G	E	Q
XP_022972391.1	W	Q	H	G	E	Q
PON88094.1	W	Q	H	G	E	Q
WP_097958763.1	W	Q	H	G	E	Q
WP_100835926.1	W	Q	H	G	E	Q
WP_023419523.1	W	Q	H	G	E	Q
ABG96617.1	W	Q	H	G	E	Q
PSN55494.1	W	Q	H	G	E	Q
WP_100585885.1	W	Q	H	G	E	Q
WP_093851761.1	W	Q	H	G	E	Q
XP_027918564.1	W	Q	H	G	E	Q
AOP45292.1	W	Q	H	G	E	Q
WP_107502602.1	W	Q	H	G	E	Q
WP_133886033.1	W	Q	H	G	E	Q
ART66192.1	W	Q	H	G	E	Q
KAA8545841.1	W	Q	H	G	E	Q
WP_109602778.1	W	Q	H	G	E	Q
WP_030550244.1	W	Q	H	G	E	Q
WP_098893128.1	W	Q	H	G	E	Q
WP_033350135.1	W	Q	H	G	E	Q
ATL73057.1	W	Q	H	G	E	Q
WP_069756995.1	W	Q	H	G	E	Q
WP_035861972.1	W	Q	H	G	E	Q
WP_124392579.1	W	Q	H	G	E	Q
XP_001663167.2	W	Q	H	G	E	Q
TYK06765.1	W	Q	H	G	E	Q
EGD42475.1	W	Q	H	G	E	Q
XP_008454969.1	W	Q	H	G	E	Q
WP_030300659.1	W	Q	H	G	E	Q
WP_050359302.1	W	Q	H	G	E	Q
WP_069174262.1	W	Q	H	G	E	Q
WP_129250835.1	W	Q	H	G	E	Q
XP_031127854.1	W	Q	H	G	E	Q
WP_104114048.1	W	Q	H	G	E	Q
GCE40274.1	W	Q	H	G	E	Q
PON88097.1	W	Q	H	G	E	Q
WP_035853321.1	W	Q	H	G	E	Q
RYR54420.1	W	Q	H	G	E	Q
PIF95728.1	W	Q	H	G	E	Q
WP_097916532.1	W	Q	H	G	E	Q
XP_030465001.1	W	Q	H	G	E	Q
PON33630.1	W	Q	H	G	E	Q
WP_056706122.1	W	Q	H	G	E	Q
WP_107404994.1	W	Q	H	G	E	Q
XP_009600997.1	W	Q	H	G	E	Q
WP_075806965.1	W	Q	H	G	E	Q
WP_097925422.1	W	Q	H	G	E	Q
XP_028781160.1	W	Q	H	G	E	Q
WP_097967978.1	W	Q	H	G	E	Q
XP_007200246.2	W	Q	H	G	E	Q
WP_030284932.1	W	Q	H	G	E	Q
PNF23012.1	W	Q	H	G	E	Q
WP_107060769.1	W	Q	H	G	E	Q
XP_010027835.1	W	Q	H	G	E	Q
WP_114020163.1	W	Q	H	G	E	Q
TKY59061.1	W	Q	H	G	E	Q
WP_057668602.1	W	Q	H	G	E	Q
PON40840.1	W	Q	H	G	E	Q
AUR26628.1	W	Q	H	G	E	Q
AAM91525.1	W	Q	H	G	E	Q
TYH94191.1	W	Q	H	G	E	Q
XP_016461186.1	W	Q	H	G	E	Q
XP_022155700.1	W	Q	H	G	E	Q
AFK79039.1	W	Q	H	G	E	Q
AJR20274.1	W	Q	H	G	E	Q
WP_055700959.1	W	Q	H	G	E	Q
KXJ78484.1	W	Q	H	G	E	Q
WP_132485285.1	W	Q	H	G	E	Q
AGC09509.1	W	Q	H	G	E	Q
WP_025359877.1	W	Q	H	G	E	Q
XP_029726645.1	W	Q	H	G	E	Q
ACJ72160.1	W	Q	H	G	E	Q
XP_030523151.1	W	Q	H	G	E	Q
XP_010066837.1	W	Q	H	G	E	Q
WP_097934437.1	W	Q	H	G	E	Q
GAU19892.1	W	Q	H	G	E	Q
XP_014507199.2	W	Q	H	G	E	Q
WP_075806904.1	W	Q	H	G	E	Q
WP_075806907.1	W	Q	H	G	E	Q
XP_006346388.1	W	Q	H	G	E	Q
XP_010027898.1	W	Q	H	G	E	Q
XP_010027864.1	W	Q	H	G	E	Q
CDP09466.1	W	Q	H	G	E	Q
WP_150067361.1	W	Q	H	G	E	Q
WP_030524067.1	W	Q	H	G	E	Q
WP_093352793.1	W	Q	H	G	E	Q
XP_020236636.1	W	Q	H	G	E	Q
XP_023553808.1	W	Q	H	G	E	Q
WP_093157185.1	W	Q	H	G	E	Q
EAT45644.1	W	Q	H	G	E	Q
XP_022952862.1	W	Q	H	G	E	Q
WP_032790022.1	W	Q	H	G	E	Q
XP_016901675.1	W	Q	H	G	E	Q
PLW73684.1	W	Q	H	G	E	Q
OAY39230.1	W	Q	H	G	E	Q
XP_021823923.1	W	Q	H	G	E	Q
WP_097870894.1	W	Q	H	G	E	Q
XP_021753348.1	W	Q	H	G	E	Q
WP_139667681.1	W	Q	H	G	E	Q
AXG24386.1	W	Q	H	G	E	Q
WP_033343832.1	W	Q	H	G	E	Q
PON88091.1	W	Q	H	G	E	Q
XP_025406842.1	W	Q	H	G	E	Q
WP_094793054.1	W	Q	H	G	E	Q
WP_014146162.1	W	Q	H	G	E	Q
WP_030464557.1	W	Q	H	G	E	Q
WP_042498189.1	W	Q	H	G	E	Q
XP_015892855.1	W	Q	H	G	E	Q
XP_010028418.1	W	Q	H	G	E	Q
XP_021823924.1	W	Q	H	G	E	Q
WP_116505727.1	W	Q	H	G	E	Q
XP_030945053.1	W	Q	H	G	E	Q
WP_138382725.1	W	Q	H	G	E	Q
TYK06763.1	W	Q	H	G	E	Q
KAA0031311.1	W	Q	H	G	E	Q
PON40835.1	W	Q	H	G	E	Q
XP_027161059.1	W	Q	H	G	E	Q
XP_027112536.1	W	Q	H	G	E	Q
WP_081191676.1	W	Q	H	G	E	Q
WP_024875147.1	W	Q	H	G	E	Q
WP_020968563.1	W	Q	H	G	E	Q
WP_070386313.1	W	Q	H	G	E	Q
WP_063347396.1	W	Q	H	G	E	Q
WP_141487730.1	W	Q	H	G	E	Q
XP_028126313.1	W	Q	H	G	E	Q
WP_111553234.1	W	Q	H	G	E	Q
WP_132675765.1	W	Q	H	G	E	Q
WP_075832300.1	W	Q	H	G	E	Q
XP_017256168.1	W	Q	H	G	E	Q
XP_019165285.1	W	Q	H	G	E	Q
WP_033259610.1	W	Q	H	G	E	Q
WP_043392923.1	W	Q	H	G	E	Q
WP_084452375.1	W	Q	H	G	E	Q
WP_030919875.1	W	Q	H	G	E	Q
WP_031332903.1	W	Q	H	G	E	Q
KNA20576.1	W	Q	H	G	E	Q
XP_021678343.1	W	Q	H	G	E	Q
XP_023912781.1	W	Q	H	G	E	Q
AGZ44932.1	W	Q	H	G	E	Q
XP_021823925.1	W	Q	H	G	E	Q
WP_042452641.1	W	Q	H	G	E	Q
WP_083546316.1	W	Q	H	G	E	Q
WP_113682182.1	W	Q	H	G	E	Q
WP_079146169.1	W	Q	H	G	E	Q
WP_052859320.1	W	Q	H	G	E	Q
PPA59235.1	W	Q	H	G	E	Q
KFB50598.1	W	Q	H	G	E	Q
EEF43643.1	W	Q	H	G	E	Q
XP_017768995.1	W	Q	H	G	E	Q
WP_072736348.1	W	Q	H	G	E	Q
WP_084771764.1	W	Q	H	G	E	Q
WP_091041717.1	W	Q	H	G	E	Q
XP_022980711.1	W	Q	H	G	E	Q
WP_039973391.1	W	Q	H	G	E	Q
WP_029254559.1	W	Q	H	G	E	Q
XP_019432387.1	W	Q	H	G	E	Q
KAA8545845.1	W	Q	H	G	E	Q
XP_019165573.1	W	Q	H	G	E	Q
WP_030534662.1	W	Q	H	G	E	Q
AFK79034.1	W	Q	H	G	E	Q
WP_101254939.1	W	Q	H	G	E	Q
WP_047889112.1	W	Q	H	G	E	Q
XP_015574363.1	W	Q	H	G	E	Q
XP_023705438.1	W	Q	H	G	E	Q
WP_042920301.1	W	Q	H	G	E	Q
XP_007153573.1	W	Q	H	G	E	Q
WP_081557410.1	W	Q	H	G	E	Q
XP_021851289.1	W	Q	H	G	E	Q
XP_027105984.1	W	Q	H	G	E	Q
WP_092765092.1	W	Q	H	G	E	Q
SEN56402.1	W	Q	H	G	E	Q
WP_099696999.1	W	Q	H	G	E	Q
QCD83296.1	W	Q	H	G	E	Q
XP_019544201.2	W	Q	H	G	E	Q
XP_017435633.1	W	Q	H	G	E	Q
WP_099869719.1	W	Q	H	G	E	Q
ACU98264.1	W	Q	H	G	E	Q
WP_032773559.1	W	Q	H	G	E	Q
XP_009772759.1	W	Q	H	G	E	Q
WP_064111953.1	W	Q	H	G	E	Q
SFP55379.1	W	Q	H	G	E	Q
PON88092.1	W	Q	H	G	E	Q
XP_025605835.1	W	Q	H	G	E	Q
ROR44650.1	W	Q	H	G	E	Q
WP_084326907.1	W	Q	H	G	E	Q
XP_023705437.1	W	Q	H	G	E	Q
WP_091057221.1	W	Q	H	G	E	Q
WP_097387818.1	W	Q	H	G	E	Q
WP_063314972.1	W	Q	H	G	E	Q
WP_029537605.1	W	Q	H	G	E	Q
AFJ52930.1	W	Q	H	G	E	Q
WP_005441244.1	W	Q	H	G	E	Q
WP_116057185.1	W	Q	H	G	E	Q
WP_003945704.1	W	Q	H	G	E	Q
BAG71127.1	W	Q	H	G	E	Q
XP_027915533.1	W	Q	H	G	E	Q
XP_018815112.1	W	Q	H	G	E	Q
XP_031125945.1	W	Q	H	G	E	Q
XP_030518757.1	W	Q	H	G	E	Q
WP_064443159.1	W	Q	H	G	E	Q
CAA59450.1	W	Q	H	G	E	Q
XP_021851291.1	W	Q	H	G	E	Q
BAI63589.1	W	Q	H	G	E	Q
WP_005449603.1	W	Q	H	G	E	Q
XP_016162100.1	W	Q	H	G	E	Q
TQL68531.1	W	Q	H	G	E	Q
WP_058039164.1	W	Q	H	G	E	Q
XP_021823933.1	W	Q	H	G	E	Q
XP_021823928.1	W	Q	H	G	E	Q
XP_030523012.1	W	Q	H	G	E	Q
WP_084132532.1	W	Q	H	G	E	Q
XP_017768996.1	W	Q	H	G	E	Q
WP_030504667.1	W	Q	H	G	E	Q
WP_077192734.1	W	Q	H	G	E	Q
WP_151530750.1	W	Q	H	G	E	Q
WP_148845216.1	W	Q	H	G	E	Q
XP_015941340.1	W	Q	H	G	E	Q
AHV78225.1	W	Q	H	G	E	Q
WP_006128830.1	W	Q	H	G	E	Q
XP_019434959.1	W	Q	H	G	E	Q
WP_046378007.1	W	Q	H	G	E	Q
XP_007157726.1	W	Q	H	G	E	Q
XP_031128298.1	W	Q	H	G	E	Q
XP_017437139.1	W	Q	H	G	E	Q
XP_023717936.1	W	Q	H	G	E	Q
WP_118602718.1	W	Q	H	G	E	Q
PQQ08350.1	W	Q	H	G	E	Q
PQQ13821.1	W	Q	H	G	E	Q
XP_015971112.1	W	Q	H	G	E	Q
WP_066930707.1	W	Q	H	G	E	Q
AUR26624.1	W	Q	H	G	E	Q
WP_153213262.1	W	Q	H	G	E	Q
AFK37676.1	W	Q	H	G	E	Q
XP_016493286.1	W	Q	H	G	E	Q
XP_022185112.1	W	Q	H	G	E	Q
AFJ52929.1	W	Q	H	G	E	Q
XP_021823929.1	W	Q	H	G	E	Q
XP_013456870.2	W	Q	H	G	E	Q
XP_022185111.1	W	Q	H	G	E	Q
XP_023705394.1	W	Q	H	G	E	Q
XP_015892851.1	W	Q	H	G	E	Q
ONH91696.1	W	Q	H	G	E	Q
GAY54941.1	W	Q	H	G	E	Q
XP_019165137.1	W	Q	H	G	E	Q
WP_064074137.1	W	Q	H	G	E	Q
XP_021851293.1	W	Q	H	G	E	Q
XP_008191816.1	W	Q	H	G	E	Q
XP_023717935.1	W	Q	H	G	E	Q
WP_060938351.1	W	Q	H	G	E	Q
WP_065351981.1	W	Q	H	G	E	Q
BAJ11652.1	W	Q	H	G	E	Q
PQQ08349.1	W	Q	H	G	E	Q
XP_027916547.1	W	Q	H	G	E	Q
WP_040749456.1	W	Q	H	G	E	Q
WP_040831795.1	W	Q	H	G	E	Q
XP_008191817.1	W	Q	H	G	E	Q
XP_019240384.1	W	Q	H	G	E	Q
WP_070162126.1	W	Q	H	G	E	Q
XP_002298739.3	W	Q	H	G	E	Q
XP_021753346.1	W	Q	H	G	E	Q
EOY09906.1	W	Q	H	G	E	Q
XP_002298737.1	W	Q	H	G	E	Q
XP_021714519.1	W	Q	H	G	E	Q
WP_025272250.1	W	Q	H	G	E	Q
XP_028767648.1	W	Q	H	G	E	Q
WP_125815191.1	W	Q	H	G	E	Q
XP_004505253.1	W	Q	H	G	E	Q
XP_010691730.1	W	Q	H	G	E	Q
XP_008456146.1	W	Q	H	G	E	Q
WP_058227297.1	W	Q	H	G	E	Q
OSY51505.1	W	Q	H	G	E	Q
WP_125050347.1	W	Q	H	G	E	Q
XP_007029404.2	W	Q	H	G	E	Q
XP_007042490.2	W	Q	H	G	E	Q
XP_027347704.1	W	Q	H	G	E	Q
XP_017971989.1	W	Q	H	G	E	Q
VVA18231.1	W	Q	H	G	E	Q
AWV66723.1	W	Q	H	G	E	Q
WP_043913634.1	W	Q	H	G	E	Q
XP_021823908.1	W	Q	H	G	E	Q
XP_021696367.1	W	Q	H	G	E	Q
ADO33118.1	W	Q	H	G	E	Q
WP_030996933.1	W	Q	H	G	E	Q
RYR72663.1	W	Q	H	G	E	Q
XP_007153575.1	W	Q	H	G	E	Q
AOT62509.1	W	Q	H	G	E	Q
WP_018640023.1	W	Q	H	G	E	Q
XP_028053335.1	W	Q	H	G	E	Q
WP_062209672.1	W	Q	H	G	E	Q
XP_022868325.1	W	Q	H	G	E	Q
XP_008375155.1	W	Q	H	G	E	Q
KAA8539973.1	W	Q	H	G	E	Q
XP_017435400.1	W	Q	H	G	E	Q
XP_031120801.1	W	Q	H	G	E	Q
PON88088.1	W	Q	H	G	E	Q
VVA18228.1	W	Q	H	G	E	Q
WP_134717283.1	W	Q	H	G	E	Q
XP_004140708.1	W	Q	H	G	E	Q
EOX98321.1	W	Q	H	G	E	Q
XP_018817797.1	W	Q	H	G	E	Q
XP_023535972.1	W	Q	H	G	E	Q
WP_031520913.1	W	Q	H	G	E	Q
XP_011000140.1	W	Q	H	G	E	Q
XP_012836925.1	W	Q	H	G	E	Q
XP_014507999.1	W	Q	H	G	E	Q
XP_021283160.1	W	Q	H	G	E	Q
ERB54562.1	W	Q	H	G	E	Q
XP_021718283.1	W	Q	H	G	E	Q
XP_022943039.1	W	Q	H	G	E	Q
XP_016539535.1	W	Q	H	G	E	Q
PSS02690.1	W	Q	H	G	E	Q
VVA18229.1	W	Q	H	G	E	Q
XP_015865650.1	W	Q	H	G	E	Q
XP_006346390.2	W	Q	H	G	E	Q
WP_070198278.1	W	Q	H	G	E	Q
ANJ03631.1	W	Q	H	G	E	Q
EME17014.1	W	Q	H	G	E	Q
PSN55492.1	W	Q	H	G	E	Q
WP_030986266.1	W	Q	H	G	E	Q
XP_014519472.1	W	Q	H	G	E	Q
XP_021823909.1	W	Q	H	G	E	Q
ETN61209.1	W	Q	H	G	E	Q
EAT45643.1	W	Q	H	G	E	Q
PIA52865.1	W	Q	H	G	E	Q
XP_022149152.1	W	Q	H	G	E	Q
BAF75893.1	W	Q	H	G	E	Q
OVA19027.1	W	Q	H	G	E	Q
XP_031127855.1	W	Q	H	G	E	Q
XP_021823919.1	W	Q	H	G	E	Q
XP_010263455.1	W	Q	H	G	E	Q
XP_011088227.1	W	Q	H	G	E	Q
WP_030559254.1	W	Q	H	G	E	Q
KJB77661.1	W	Q	H	G	E	Q
WP_006239158.1	W	Q	H	G	E	Q
RDX79369.1	W	Q	H	G	E	Q
AMQ26125.1	W	Q	H	G	E	Q
XP_021853724.1	W	Q	H	G	E	Q
KAB2594696.1	W	Q	H	G	E	Q
XP_027908692.1	W	Q	H	G	E	Q
XP_029146371.1	W	Q	H	G	E	Q
XP_016182666.1	W	Q	H	G	E	Q
XP_012460862.1	W	Q	H	G	E	Q
AYR16625.1	W	Q	H	G	E	Q
BBN60797.1	W	Q	H	G	E	Q
WP_141782732.1	W	Q	H	G	E	Q
BAD52006.1	W	Q	H	G	E	Q
KAB2035909.1	W	Q	H	G	E	Q
XP_002313133.1	W	Q	H	G	E	Q
WP_019355396.1	W	Q	H	G	E	Q
XP_017406767.1	W	Q	H	G	E	Q
TYI88162.1	W	Q	H	G	E	Q
XP_308743.3	W	Q	H	G	E	Q
XP_018817794.1	W	Q	H	G	E	Q
XP_020409397.1	W	Q	H	G	E	Q
XP_001663166.2	W	Q	H	G	E	Q
XP_020409398.1	W	Q	H	G	E	Q
KAB1208501.1	W	Q	H	G	E	Q
XP_030486295.1	W	Q	H	G	E	Q
OIW10197.1	W	Q	H	G	E	Q
WP_091105487.1	W	Q	H	G	E	Q
XP_009354715.1	W	Q	H	G	E	Q
XP_002518721.1	W	Q	H	G	E	Q
XP_023874125.1	W	Q	H	G	E	Q
XP_031125944.1	W	Q	H	G	E	Q
WP_018157613.1	W	Q	H	G	E	Q
WP_027760964.1	W	Q	H	G	E	Q
TYH22824.1	W	Q	H	G	E	Q
XP_002518719.1	W	Q	H	G	E	Q
XP_002518708.1	W	Q	H	G	E	Q
TYG74622.1	W	Q	H	G	E	Q
XP_021687733.1	W	Q	H	G	E	Q
XP_010057243.2	W	Q	H	G	E	Q
XP_967762.1	W	Q	H	G	E	Q
KCW74287.1	W	Q	H	G	E	Q
XP_021657933.1	W	Q	H	G	E	Q
XP_017434555.1	W	Q	H	G	E	Q
RYR24267.1	W	Q	H	G	E	Q
WP_130288915.1	W	Q	H	G	E	Q
XP_021917410.1	W	Q	H	G	E	Q
KDR20745.1	W	Q	H	G	E	Q
XP_017613459.1	W	Q	H	G	E	Q
WP_084360180.1	W	Q	H	G	E	Q
XP_021917396.1	W	Q	H	G	E	Q
XP_019445807.1	W	Q	H	G	E	Q
WP_114201650.1	W	Q	H	G	E	Q
WP_093340271.1	W	Q	H	G	E	Q
XP_018579879.1	W	Q	H	G	E	Q
WP_072740261.1	W	Q	H	G	E	Q
XP_031127858.1	W	Q	H	G	E	Q
XP_015062585.1	W	Q	H	G	E	Q
OEV07989.1	W	Q	H	G	E	Q
KNA20577.1	W	Q	H	G	E	Q
XP_023717937.1	W	Q	H	G	E	Q
KCW55169.1	W	Q	H	G	E	Q
XP_009377799.1	W	Q	H	G	E	Q
XP_025644073.1	W	Q	H	G	E	Q
PNX81723.1	W	Q	H	G	E	Q
AMK52073.1	W	Q	H	G	E	Q
WP_123560433.1	W	Q	H	G	E	Q
XP_009779862.1	W	Q	H	G	E	Q
OVA19026.1	W	Q	H	G	E	Q
WP_031134187.1	W	Q	H	G	E	Q
XP_028053337.1	W	Q	H	G	E	Q
XP_019165284.1	W	Q	H	G	E	Q
WP_054219987.1	W	Q	H	G	E	Q
WP_079140382.1	W	Q	H	G	E	Q
XP_027921741.1	W	Q	H	G	E	Q
XP_017768994.1	W	Q	H	G	E	Q
XP_029130763.1	W	Q	H	G	E	Q
XP_010107895.1	W	Q	H	G	E	Q
XP_003538838.1	W	Q	H	G	E	Q
QCD83291.1	W	Q	H	G	E	Q
WP_091449795.1	W	Q	H	G	E	Q
XP_018817795.1	W	Q	H	G	E	Q
BAA83484.1	W	Q	H	G	E	Q
XP_021678342.1	W	Q	H	G	E	Q
XP_967924.1	W	Q	H	G	E	Q
XP_019238745.1	W	Q	H	G	E	Q
WP_043536775.1	W	Q	H	G	E	Q
XP_006346389.1	W	Q	H	G	E	Q
GES33920.1	W	Q	H	G	E	Q
TYH78035.1	W	Q	H	G	E	Q
XP_022868311.1	W	Q	H	G	E	Q
XP_008375156.2	W	Q	H	G	E	Q
XP_019865347.1	W	Q	H	G	E	Q
KYP45564.1	W	Q	H	G	E	Q
XP_016539534.1	W	Q	H	G	E	Q
XP_011000141.1	W	Q	H	G	E	Q
XP_021755650.1	W	Q	H	G	E	Q
XP_016539539.1	W	Q	H	G	E	Q
KCW55160.1	W	Q	H	G	E	Q
TYI33801.1	W	Q	H	G	E	Q
RWR83917.1	W	Q	H	G	E	Q
AJY59053.1	W	Q	H	G	E	Q
BAH31759.1	W	Q	H	G	E	Q
PQQ13824.1	W	Q	H	G	E	Q
XP_004305941.1	W	Q	H	G	E	Q
XP_022189983.1	W	Q	H	G	E	Q
XP_027361964.1	W	Q	H	G	E	Q
XP_010030421.1	W	Q	H	G	E	Q
OVA19029.1	W	Q	H	G	E	Q
PON81078.1	W	Q	H	G	E	Q
XP_030486314.1	W	Q	H	G	E	Q
OVA19025.1	W	Q	H	G	E	Q
WP_154078978.1	W	Q	H	G	E	Q
KAB2594695.1	W	Q	H	G	E	Q
XP_023012471.1	W	Q	H	G	E	Q
WP_104782757.1	W	Q	H	G	E	Q
XP_018570346.1	W	Q	H	G	E	Q
XP_026395489.1	W	Q	H	G	E	Q
XP_009354713.1	W	Q	H	G	E	Q
KAB2047433.1	W	Q	H	G	E	Q
WP_091384295.1	W	Q	H	G	E	Q
XP_021912896.1	W	Q	H	G	E	Q
XP_018325089.1	W	Q	H	G	E	Q
XP_009625604.1	W	Q	H	G	E	Q
XP_008375157.2	W	Q	H	G	E	Q
QCD83292.1	W	Q	H	G	E	Q
GAU19893.1	W	Q	H	G	E	Q
XP_002053431.1	W	Q	H	G	E	Q
XP_009354714.1	W	Q	H	G	E	Q
TYJ40610.1	W	Q	H	G	E	Q
RLK60076.1	W	Q	H	G	E	Q
XP_016650443.1	W	Q	H	G	E	Q
WP_133826127.1	W	Q	H	G	E	Q
TMX00487.1	W	Q	H	G	E	Q
RYR54419.1	W	Q	H	G	E	Q
XP_019165287.1	W	Q	H	G	E	Q
OVA19028.1	W	Q	H	G	E	Q
AAS94329.1	W	Q	H	G	E	Q
GAY64725.1	W	Q	H	G	E	Q
XP_019067418.1	W	Q	H	G	E	Q
PNX81651.1	W	Q	H	G	E	Q
KCW55162.1	W	Q	H	G	E	Q
TMX00489.1	W	Q	H	G	E	Q
TQD75600.1	W	Q	H	G	E	Q
XP_007201142.1	W	Q	H	G	E	Q
XP_030487192.1	W	Q	H	G	E	Q
WP_094861507.1	W	Q	H	G	E	Q
BAD29722.1	W	Q	H	G	E	Q
XP_019537578.2	W	Q	H	G	E	Q
XP_972090.2	W	Q	H	G	E	Q
XP_010691725.1	W	Q	H	G	E	Q
XP_022185113.1	W	Q	H	G	E	Q
XP_030487851.1	W	Q	H	G	E	Q
XP_030444014.1	W	Q	H	G	E	Q
XP_021618169.1	W	Q	H	G	E	Q
WP_141277341.1	W	Q	H	G	E	Q
BAG31950.1	W	Q	H	G	E	Q
KOG39033.1	W	Q	H	G	E	Q
XP_031131386.1	W	Q	H	G	E	Q
XP_016539536.1	W	Q	H	G	E	Q
BAF49308.1	W	Q	H	G	E	Q
XP_030444016.1	W	Q	H	G	E	Q
VVA18230.1	W	Q	H	G	E	Q
THG21798.1	W	Q	H	G	E	Q
XP_026397377.1	W	Q	H	G	E	Q
XP_026397393.1	W	Q	H	G	E	Q
AFJ52945.1	W	Q	H	G	E	Q
XP_030483890.1	W	Q	H	G	E	Q
XP_015838843.1	W	Q	H	G	E	Q
KEH30901.1	W	Q	H	G	E	Q
XP_013456871.1	W	Q	H	G	E	Q
XP_022762350.1	W	Q	H	G	E	Q
XP_022762351.1	W	Q	H	G	E	Q
WP_040036936.1	W	Q	H	G	E	Q
RHN62167.1	W	Q	H	G	E	Q
CAB56231.1	W	Q	H	G	E	Q
RZT84297.1	W	Q	H	G	E	Q
XP_008236556.1	W	Q	H	G	E	Q
WP_030287518.1	W	Q	H	G	E	Q
PON88089.1	W	Q	H	G	E	Q
XP_002000244.2	W	Q	H	G	E	Q
XP_972644.2	W	Q	H	G	E	Q
XP_022207632.1	W	Q	H	G	E	Q
XP_015085691.1	W	Q	H	G	E	Q
BAG31952.1	W	Q	H	G	E	Q
XP_022190398.1	W	Q	H	G	E	Q
WP_086720583.1	W	Q	H	G	E	Q
XP_025640111.1	W	Q	H	G	E	Q
XP_019238746.1	W	Q	H	G	E	Q
XP_031381080.1	W	Q	H	G	E	Q
KZV41173.1	W	Q	H	G	E	Q
XP_016539531.1	W	Q	H	G	E	Q
XP_030373724.1	W	Q	H	G	E	Q
XP_004524001.1	W	Q	H	G	E	Q
XP_004230760.1	W	Q	H	G	E	Q
WP_122185198.1	W	Q	H	G	E	Q
RZF36379.1	W	Q	H	G	E	Q
PNF23017.1	W	Q	H	G	E	Q
XP_017032216.1	W	Q	H	G	E	Q
XP_021699050.1	W	Q	H	G	E	Q
XP_017845187.1	W	Q	H	G	E	Q
XP_021823930.1	W	Q	H	G	E	Q
WP_039233592.1	W	Q	H	G	E	Q
PON88087.1	W	Q	H	G	E	Q
KCW54502.1	W	Q	H	G	E	Q
XP_022913426.1	W	Q	H	G	E	Q
XP_026394097.1	W	Q	H	G	E	Q
KAB2602868.1	W	Q	H	G	E	Q
XP_019169297.1	W	Q	H	G	E	Q
XP_021912900.1	W	Q	H	G	E	Q
XP_016734485.1	W	Q	H	G	E	Q
EHR63221.1	W	Q	H	G	E	Q
PIA52863.1	W	Q	H	G	E	Q
WP_090850136.1	W	Q	H	G	E	Q
XP_031127857.1	W	Q	H	G	E	Q
XP_019866473.1	W	Q	H	G	E	Q
XP_031127859.1	W	Q	H	G	E	Q
PON40843.1	W	Q	H	G	E	Q
XP_019165283.1	W	Q	H	G	E	Q
XP_008191789.1	W	Q	H	G	E	Q
PPR88430.1	W	Q	H	G	E	Q
XP_007157236.1	W	Q	H	G	E	Q
ANN02876.1	W	Q	H	G	E	Q
XP_010691729.1	W	Q	H	G	E	Q
XP_018579876.1	W	Q	H	G	E	Q
KDR07235.1	W	Q	H	G	E	Q
XP_015520179.1	W	Q	H	G	E	Q
PON81076.1	W	Q	H	G	E	Q
AIS71990.1	W	Q	H	G	E	Q
TQD85061.1	W	Q	H	G	E	Q
RZF48858.1	W	Q	H	G	E	Q
TMX00492.1	W	Q	H	G	E	Q
XP_019169295.1	W	Q	H	G	E	Q
XP_015948154.1	W	Q	H	G	E	Q
VVA18232.1	W	Q	H	G	E	Q
XP_011088224.1	W	Q	H	G	E	Q
WP_121389033.1	W	Q	H	G	E	Q
XP_015838842.1	W	Q	H	G	E	Q
XP_024167374.1	W	Q	H	G	E	Q
XP_022742795.1	W	Q	H	G	E	Q
XP_021714530.1	W	Q	H	G	E	Q
PIA52862.1	W	Q	H	G	E	Q
TXG49881.1	W	Q	H	G	E	Q
KCW55164.1	W	Q	H	G	E	Q
XP_022913423.1	W	Q	H	G	E	Q
XP_010028421.2	W	Q	H	G	E	Q
XP_017482253.1	W	Q	H	G	E	Q
WP_132879870.1	W	Q	H	G	E	Q
RZC32757.1	W	Q	H	G	E	Q
XP_017101714.1	W	Q	H	G	E	Q
XP_004230753.1	W	Q	H	G	E	Q
XP_018570348.1	W	Q	H	G	E	Q
WP_148668137.1	W	Q	H	G	E	Q
AMK52072.1	W	Q	H	G	E	Q
XP_008191815.1	W	Q	H	G	E	Q
EXC17299.1	W	Q	H	G	E	Q
WP_078953525.1	W	Q	H	G	E	Q
XP_004304024.1	W	Q	H	G	E	Q
XP_022177590.1	W	Q	H	G	E	Q
QDD67296.1	W	Q	H	G	E	Q
XP_017968576.1	W	Q	H	G	E	Q
AMK52071.1	W	Q	H	G	E	Q
XP_019169293.1	W	Q	H	G	E	Q
XP_002427365.1	W	Q	H	G	E	Q
XP_030487876.1	W	Q	H	G	E	Q
XP_025688251.1	W	Q	H	G	E	Q
XP_017005917.1	W	Q	H	G	E	Q
XP_316292.4	W	Q	H	G	E	Q
XP_018906826.1	W	Q	H	G	E	Q
XP_024162019.1	W	Q	H	G	E	Q
Q2V6J9.1	W	Q	H	G	E	Q
RZC91083.1	W	Q	H	G	E	Q
GER36953.1	W	Q	H	G	E	Q
AFJ52946.1	W	Q	H	G	E	Q
XP_010681315.1	W	Q	H	G	E	Q
ADV71361.1	W	Q	H	G	E	Q
XP_026397402.1	W	Q	H	G	E	Q
BAF75887.1	W	Q	H	G	E	Q
XP_008197588.1	W	Q	H	G	E	Q
XP_015954204.1	W	Q	H	G	E	Q
WP_145744081.1	W	Q	H	G	E	Q
XP_017032168.1	W	Q	H	G	E	Q
XP_030486375.1	W	Q	H	G	E	Q
KAA8545837.1	W	Q	H	G	E	Q
XP_021958007.1	W	Q	H	G	E	Q
RWR87359.1	W	Q	H	G	E	Q
XP_012257815.1	W	Q	H	G	E	Q
PQQ08348.1	W	Q	H	G	E	Q
XP_023874123.1	W	Q	H	G	E	Q
XP_023172080.2	W	Q	H	G	E	Q
PPR86240.1	W	Q	H	G	E	Q
XP_011088741.1	W	Q	H	G	E	Q
KNA20579.1	W	Q	H	G	E	Q
XP_004304021.1	W	Q	H	G	E	Q
AFJ52947.1	W	Q	H	G	E	Q
XP_023036443.1	W	Q	H	G	E	Q
KDR22772.1	W	Q	H	G	E	Q
SPL89562.1	W	Q	H	G	E	Q
XP_011009740.1	W	Q	H	G	E	Q
XP_030571710.1	W	Q	H	G	E	Q
XP_015363936.1	W	Q	H	G	E	Q
XP_024162021.1	W	Q	H	G	E	Q
TYI99841.1	W	Q	H	G	E	Q
XP_010068736.1	W	Q	H	G	E	Q
XP_023719421.1	W	Q	H	G	E	Q
XP_030757424.1	W	Q	H	G	E	Q
PRQ23012.1	W	Q	H	G	E	Q
XP_018562714.1	W	Q	H	G	E	Q
XP_007198987.1	W	Q	H	G	E	Q
XP_027848323.1	W	Q	H	G	E	Q
WP_019548314.1	W	Q	H	G	E	Q
XP_015058000.1	W	Q	H	G	E	Q
XP_018579881.1	W	Q	H	G	E	Q
XP_024164344.1	W	Q	H	G	E	Q
XP_018325091.1	W	Q	H	G	E	Q
RXH94099.1	W	Q	H	G	E	Q
XP_021755615.1	W	Q	H	G	E	Q
OVA19023.1	W	Q	H	G	E	Q
KAE8650501.1	W	Q	H	G	E	Q
EXC17301.1	W	Q	H	G	E	Q
RZF45618.1	W	Q	H	G	E	Q
XP_002000247.1	W	Q	H	G	E	Q
XP_020812917.1	W	Q	H	G	E	Q
