id,fasta,predicted_solubility_model_0,predicted_solubility_model_1,predicted_solubility_model_2,predicted_solubility_model_3,predicted_solubility_model_4,predicted_solubility,predicted_usability_model_0,predicted_usability_model_1,predicted_usability_model_2,predicted_usability_model_3,predicted_usability_model_4,predicted_usability
Quartile_25_0,MAKYIVEPFRIKMVEPLRLISREEREAALKEAGYNPFLLPSSAVYIDLLTDSGTNAMSDHQWAAMITGDESYAGSRNYYDLQDSVKEVFGYSYIVPAHQGRGAENILFPVLLKYKQKEGKAKNPVFISNFHFDTTRVHVELNGCKAINIVTEKAFDSNTYHDWKGDIDIEKLKEVIEQTGAENIVAIVSTVTCNSAGGQPVSMSNLKEVYAIAKQYGIRVVMDSARFCENAYFIKERDPKYKNATIREVVFDMYKYADALTMSAKKDGLVNIGGLVAIRENEEIFELIRQRCVPLEGFVTYGGLAGRDMAALVQGLEEGTEEEYLHYRIGQVKYLGDRLREGGIPIQYPTGGHAVFVDCKKMVPQIPGDQFPAQAVINALYLESGVRAVEVGSFLLGRDPATNQQKVADMEFMRLTIARRVYTNDHMDVIADALIGLKERFATLKGLTFEYEPPVLRHFTARLKPIE,0.6800442604383061,0.5948298853682401,0.6201971724927178,0.6619435900528932,0.6287505844565642,0.6371530985617443,0.5491013825140628,0.5599504700977183,0.5521264163267556,0.5780481641178687,0.5551154560168582,0.5588683778146527
Quartile_25_1,MAKYIVEPFRIKMVEPLRLISREEREAALKEAGYNPFLLPSSAVYIDLLTDSGTNAMSDHQWAAMITGDESYAGSRNYYDLQDSVKEVFGYSYIVPAHQGRGAENILFPVLLKYKQKEGKAKNPVFISNFHFDTTRVHVELNGCKAINIVTEKAFDSNTYHDWKGDIDIEKLKEVIEQTGAENIVAIVSTVTCNSAGGQPVSMSNLKEVYAIAKQYGIFVVMDSARFCENAYFIKERDPKYKNATIREVVFDMYKYADALTMSAKKDGLVNIGGLVAIRENEEIFELIRQRCVPLEGFVTYGGLAGRDMAALVQGLEEGTEEEYLHYRIGQVKYLGDRLREGGIPIQYPTGGHAVFVDCKKMVPQIPGDQFPAQAVINALYLESGVRAVEVGSFLLGRDPATNQQKVADMEFMRLTIARRVYTNDHMDVIADALIGLKERFATLKGLTFEYEPPVLRHFTARLKPIE,0.6990579529372942,0.5908141629904065,0.6185313399375452,0.6928201865660721,0.6302820083500492,0.6463011301562734,0.5859001375541504,0.5349382039277614,0.5498637143792903,0.569237536839116,0.6338045674221885,0.5747488320245012
Quartile_25_2,MAKYIVEPFRIKMVEPLRLISREEREAALKEAGYNPFLLPSSAVYIDLLTDSGTNAMSDHQWAAMITGDESYAGSRNYYDLQDSVKEVFGYSYIVPAHQGRGAENILFPVLLKYKQKEGKAKNPVFISNFHFDTTRVHVELNGCKAINIVTEKAFDSNTYHDWKGDIDIEKLKEVIEQTGAENIVAIVSTVTCNSAGGQPVSMSNLKEVYAIAKQYGIFVVMDSARFCENAYFIKERDPKYKNATIREVVFDMYKYADALTMSAKKDPLVNIGGLVAIRENEEIFELIRQRCVPLEGFVTYGGLAGRDMAALVQGLEEGTEEEYLHYRIGQVKYLGDRLREGGIPIQYPTGGHAVFVDCKKMVPQIPGDQFPAQAVINALYLESGVRAVEVGSFLLGRDPATNQQKVADMEFMRLTIARRVYTNDHMDVIADALIGLKERFATLKGLTFEYEPPVLRHFTARLKPIE,0.6834833291187684,0.58832800501253,0.6148447812703551,0.6508363488836374,0.6193278856086438,0.631364069978787,0.540330669386324,0.5342720427271186,0.5420939417127915,0.5785533604442541,0.6549376197765702,0.5700375268094117
Quartile_25_3,MAKYIVEPFRIKMVEPLRLISREEREAALKEAGYNPFLLPSSDVYIDLLTDSGTNAMSDHQWAAMITGDESYAGSRNYYDLQDSVKEVFGYSYIVPAHQGRGAENILFPVLLKYKQKEGKAKNPVFISNFHFDTTRVHVELNGCKAINIVTEKAFDSNTYHDWKGDIDIEKLKEVIEQTGAENIVAIVSTVTCNSAGGQPVSMSNLKEVYAIAKQYGIRVVMDSARFCENAYFIKERDPKYKNATIREVVFDMYKYADALTMSAKKDGLVNIGGLVAIRENEEIFELIRQRCVPLEGFVTYGGLAGRDMAALVQGLEEGTEEEYLHYRIGQVKYLGDRLREGGIPIQYPTGGHAVFVDCKKMVPQIPGDQFPAQAVINALYLESGVRAVEVGSFLLGRDPATNQQKVADMEFMRLTIARRVYTNDHMDVIADALIGLKERFATLKGLTFEYEPPVLRHFTARLKPIE,0.6661946566176923,0.5870762278652668,0.6322597646378696,0.7099230010800384,0.6369337502710101,0.6464774800943754,0.5853844676234001,0.5406920448013068,0.5415089049799788,0.5687116543880469,0.4827821448634707,0.5438158433312407
Quartile_25_4,MAKYIVEPFRIKMVEPLRLISREEREAALKEAGYNPFLLPSSAVYIDLLTDSGTNAMSDHQWAAMITGDESYAGSRNYYDLQDSVKEVFGYSYIVPAHQGRGAENILFPVLLKYKQKEGKAKNPVFISNFHFDTTRVHVELNGCKAINIVTEKAFDSNTYHDWKGDIDIEKLKEVIEQTGAENIVAIVSTVTCNSAGGQPVSMSNLKEVYAIAKQYGIFVVMDSARFCENAYFIKERDPKYKNATIREVVFDMYKYADALTMSAKKDPLVNIGGLVAIRDNEEIFELIRQRCVPLEGFVTYGGLAGRDMAALVQGLEEGTEEEYLHYRIGQVKYLGDRLREGGIPIQYPTGGHAVFVDCKKMVPQIPGDQFPAQAVINALYLESGVRAVEVGSFLLGRDPATNQQKVADMEFMRLTIARRVYTNDHMDVIADALIGLKERFATLKGLTFEYEPPVLRHFTARLKPIE,0.6872669475305127,0.5839751952867253,0.6023233244851787,0.6643483747339006,0.619990060156362,0.6315807804385358,0.5695750624999301,0.5205752171192118,0.5597009165378545,0.5481812320940128,0.5855966335870448,0.5567258123676109
Quartile_50_0,MAKYIVEPFRIKMVEPLRLISREEREAALKEAGYNPFLLPAEDVYIDLLTDSGTGAMSDHQWAALITGDESYAGSRSYYDLQDSVREVFGYSYIVPAHQGRGAEQILFPVLIKYKQKEGKAKNQVVISNWHFDTTRVHVELNGCKAINIVTEKAFDTNTYHDFKGDIDIEKLKEVIEQTGAENIAAIVITITNNSAGGQPVSMSNIKEVYALAKQYGIRVVMDAARFCENAYFIKERDPKYKNKTIREVVRDMYKYADALTMSAKKDGLVNIGGLVAIRENEEIYELIRQRCVPLEGFPTYGGLAGRDMEALAQGLEEGVEEEYLHYRIGQVKYLGDRLVEGGIPIQTPTGGHAVFVDAKKMVPHIPGDQFPGQAVINELYLESGVRAVEVGSFLLGRDPATNQQLVADLEFLRLTIARRVYTNDHMDVIADALIGLKERFATLKGLTFTYEPPMLRHFTARLKPIE,0.7157301853763981,0.5968170454151484,0.6598635942097572,0.6720481115613838,0.6310898706124815,0.6551097614350339,0.5897915700125839,0.5872395450667577,0.6156437336210115,0.6017220403719648,0.6561225664460243,0.6101038911036684
Quartile_50_1,MAKYIVEPFRIKMVEPLRLISREEREAALKEAGYNPFLLPAEDVYIDLLTDSGTGAMSDHQWAALITGDESYAGSRSYYDLQDSVREVFGYSYIVPAHQGRGAEQILFPVLIKYKQKEGKAKNQVVISNWHFDTTRVHVELNGCKAINIVTEKAFDTNTYHDFKGDIDIEKLKEVIEQTGAENIAAIVITITNNSAGGQPVSMSNIKEVYALAKQYGIRVVMDAARFCENAYFIKERDPKYKNKTIREVVRDMYKYADALTMSAKKDGLVNIGGLVAIRENEEIYELIRQRCVPLEGFPTYGGLAGRDMEALAQGLEEGVEEEYLHYRIGQVKYLGDRLVEGGIPIQTPTGGHAVFVDAKKMVPHIPGDQFPGQAVINELYLESGVRAVEVGSFLLGRDPATNQQLVADLEFLRLTIARRVYTNAHMDVIADALIGLKERFATLKGLTFTYEPPMLRHFTARLKPIE,0.6989917283085243,0.6024796768003864,0.6319664556420407,0.7006651277091155,0.6254418060461037,0.6519089589012341,0.5871512823285812,0.5354157353044411,0.5722869431976335,0.5984873492154742,0.5840074003144865,0.5754697420721233
Quartile_50_2,MAKYIVEPFRIKMVEPLRLISREEREAALKEAGYNPFLLPAEDVYIDLLTDSGTGAMSDHQWAALITGDESYAGSRSYYDLQDSVREVFGYSYIVPAHQGRGAEQILFPVLIKYKQKEGKAKNQVVISNWHFDTTRVHVELNGCKAINIVTEKAFDTNTYHDFKGDIDIEKLKEVIEQTGAENIAAIVITITNNSAGGQPVSMSNIKEVYALAKQYGIRVVMDAARFCENAYFIKERDPKYKNKTIREVVRDMYKYADALTMSAKKDGLVNIGGLVAIRENEEIFELIRQRCVPLEGFPTYGGLAGRDMEALAQGLEEGVEEEYLHYRIGQVKYLGDRLVEGGIPIQTPTGGHAVFVDAKKMVPHIPGDQFPGQAVINELYLESGVRAVEVGSFLLGRDPATNQQLVADLEFLRLTIARRVYTNDHMDVIADALIGLKERFATLKGLTFTYEPPMLRHFTARLKPIE,0.69366479644742,0.5866817371788965,0.6259549396792693,0.6879448318007423,0.6338502046524943,0.6456193019517645,0.5639610579286675,0.534075847259864,0.6091118485051705,0.6162604791883023,0.5501723713441455,0.5747163208452299
Quartile_50_3,MAKYIVEPFRIKMVEPLRLISREEREAALKEAGYNPFLLPAEDVYIDLLTDSGTGAMSDHQWAALITGDESYAGSRSYYDLQDSVREVFGYSYIVPAHQGRGAEQILFPVLIKYKQKEGKAKNQVVISNWHFDTTRVHVELNGCKAINIVTEKAFDTNTYHAFKGDIDIEKLKEVIEQTGAENIAAIVITITNNSAGGQPVSMSNIKEVYALAKQYGIRVVMDAARFCENAYFIKERDPKYKNKTIREVVRDMYKYADALTMSAKKDGLVNIGGLVAIRENEEIYELIRQRCVPLEGFPTYGGLAGRDMEALAQGLEEGVEEEYLHYRIGQVKYLGDRLVEGGIPIQTPTGGHAVFVDAKKMVPHIPGDQFPGQAVINELYLESGVRAVEVGSFLLGRDPATNQQLVADLEFLRLTIARRVYTNAHMDVIADALIGLKERFATLKGLTFTYEPPMLRHFTARLKPIE,0.7035405267143818,0.5912914453182538,0.6401225497095739,0.693330854335747,0.6284407978759391,0.6513452347907791,0.5997796137902067,0.5120523429573008,0.6089681141773305,0.5830266730232079,0.6336324828218435,0.5874918453539779
Quartile_50_4,MAKYIVEPFRIKMVEPLRLISREEREAALKEAGYNPFLLPAEDVYIDLLTDSGTGAMSDHQWAALITGDESYAGSRSYYDLQDSVREVFGYSYIVPAHQGRGAEQILFPVLLKYKQKEGKAKNQVVISNWHFDTTRVHVELNGCKAINIVTEKAFDTNTYHDFKGDIDIEKLKEVIEQTGAENIAAIVITITNNSAGGQPVSMSNIKEVYALAKQYGIRVVMDAARFCENAYFIKERDPKYKNKTIREVVRDMYKYADALTMSAKKDGLVNIGGLVAIRENEEIFELIRQRCVPLEGFPTYGGLAGRDMEALAQGLEEGVEEEYLHYRIGQVKYLGDRLVEGGIPIQTPTGGHAVFVDAKKMVPHIPGDQFPGQAVINELYLESGVRAVEVGSFLLGRDPATNQQLVADLEFLRLTIARRVYTNDHMDVIADALIGLKERFATLKGLTFTYEPPMLRHFTARLKPIE,0.7122427513257342,0.6058371546876268,0.6295510410100903,0.7191846143994627,0.6312738867428782,0.6596178896331585,0.582317579344416,0.5213692954341074,0.6255691281799333,0.6087639512630209,0.6962160601654457,0.6068472028773846
Quartile_75_0,MAKYIVEPFRIKMIEPLRLISREEREAALKEAGYNPFSLPAEDVYIDLLTDSGTGAMSDHQWAGLITGDESYAGSRSYYDLQDSVREVFGYSYIVPAHQGRGAEQILFPLLIKYPQKEGKAKGQSVISNWHFDTTRVHVELNGCKAINIVTEEAFDTNTYHAFKGDIDIEKARKVIEETGAENIAAIIITITNNSAGGQPVSMENIKEVSALAKEYGLRVLMDAARFSENAYFIKQRDAKYKNKTIREVVRDMFTYADALTMSAKKDGLVNIGGLVAIRENEELYELIRSRCVPLEGFPTYGGLAGRDMEALAQGLEEVVEEEYLHYRIGQIAYLGDRLVEGGIPIQTPTGGHAVFVDAKKMLPHIPFDQFPGQAVINELYLESGVRAVEVGSLLLGRDPATNQQLVAPLEFLRLTIARRVYTNAHMDVIADALIRLKERAHTLRGLTFTYEPPMLRHFTARLKPIE,0.6810750900246432,0.5828344106086303,0.6155266563402022,0.6858065516483818,0.6211007009820253,0.6372686819207767,0.5629094318834466,0.48159916789334023,0.5743574893251383,0.5704669369991082,0.6573630888630746,0.5693392229928216
Quartile_75_1,MAKYIVEPFRIKMIEPLRLISREEREAALKEAGYNPFSLPAEDVYIDLLTDSGTGAMSDHQWAGLITGDESYAGSRSYYDLQDSVREVFGYSYIVPAHQGRGAEQILFPLLIKYPQKEGKAKGQSVISNWHFDTTRVHVELNGCKAINIVTEEAFDTNTYHAFKGDIDIEKARKVIEETGAENIAAIIITITNNSAGGQPVSMENIKEVSALAKEYGLRVLMDAARFSENAYFIKQRDAKYKNKTIREVVRDMFTYADALTMSAKKDGLVNIGGLVAIRENEELYELIRSRCVPLEGFPTYGGLAGRDMEALAQGLEEVVEEEYLHYRIGQIAYLGDRLVEGGIPIQTPTGGHAVFVDAKKMLPHIPFDQFPGQAVINELYLESGVRAVEVGSLLLGRDPATNQQLVAPLEFLRLTIARRVYTNAHMDVIADALIRLKERAHTLKGLTFTYEPPMLRHFTARLKPIE,0.6880822158277337,0.5871261490343902,0.6359059510870246,0.6602752044870264,0.6262610601268415,0.6395301161126034,0.5790987741420488,0.5020597721345293,0.5865991124020701,0.5842115828916761,0.6123822468162916,0.5728702976773231
Quartile_75_2,MAKYIVEPFRIKMIEPLRLISREERETALKEAGYNPFSLPAEDVYIDLLTDSGTGAMSDHQWAGLITGDESYAGSRSYYDLQDSVREVFGYSYIVPAHQGRGAEQILFPLLIKYPQKEGKAKGQSVISNWHFDTTRVHVELNGCKAINIVTEEAFDTNTYHAFKGDIDIEKARKVIEETGAENIAAIIITITNNSAGGQPVSMENIKEVSALAKEYGLRVLMDAARFSENAYFIKQRDAKYKNKTIREVVRDMFTYADALTMSAKKDGLVNIGGLVAIRENEELYELIRSRCVPLEGFPTYGGLAGRDMEALAQGLEEVVEEEYLHYRIGQIAYLGDRLVEGGIPIQTPTGGHAVFVDAKKMLPHIPFDQFPGQAVINELYLESGVRAVEVGSLLLGRDPATNQQLVAPLEFLRLTIARRVYTNAHMDVIADALIRLKERAHTLRGLTFTYEPPMLRHFTARLKPIE,0.6793882302171613,0.5753519686666115,0.6233628244256976,0.6560670092084,0.626011751005258,0.6320363567046258,0.5604158169775217,0.4704357538909597,0.5776494792369968,0.5787669643657076,0.6485966173956977,0.5671729263733767
Quartile_75_3,MAKYIVEPFRIKMIEPLRLISREEREAALKEAGYNPFSLPAEDVYIDLLTDSGTGAMSDHQWAGLITGDESYAGSRSYYDLQDSVREVFGYSYIVPAHQGRGAEQILFPLLIKYPQKEGKAKGQVVISNWHFDTTRVHVELNGCKAINIVTEEAFDTNTYHAFKGDIDIEKARKVIEETGAENIAAIIITITNNSAGGQPVSMENIKEVSALAKEYGLRVLMDAARFSENAYFIKQRDAKYKNKTIREVVRDMFTYADALTMSAKKDGLVNIGGLVAIRENEELYELIRSRCVPLEGFPTYGGLAGRDMEALAQGLEEVVEEEYLHYRIGQIAYLGDRLVEGGIPIQTPTGGHAVFVDAKKMLPHIPFDQFPGQAVINELYLESGVRAVEVGSLLLGRDPATNQQLVAPLEFLRLTIARRVYTNAHMDVIADALIRLKERAHTLKGLTFTYEPPMLRHFTARLKPIE,0.6840694792269504,0.5853155253070923,0.6294094086410678,0.6824813379640048,0.6254283872726264,0.6413408276823482,0.5649666591827088,0.49308698720483246,0.6067076730504498,0.5831021944184182,0.6366696304749968,0.5769066288662812
Quartile_75_4,MAKYIVEPFRIKMIEPLRLISREERETALKEAGYNPFSLPAEDVYIDLLTDSGTGAMSDHQWAGLITGDESYAGSRSYYDLQDSVREVFGYSYIVPAHQGRGAEQILFPLLIKYPQKEGKAKGQSVISNWHFDTTRVHVELNGCKAINIVTEEAFDTNTYHAFKGDIDIEKARKVIEETGAENIAAIIITITNNSAGGQPVSMENIKEVSALAKEYGLRVLMDAARFSENAYFIKQRDAKYKNKTIREVVRDMFTYADALTMSAKKDGLVNIGGLVAIRENEELYELIRSRCVPLEGFPTYGGLAGRDMEALAQGLEEVVEEEYLHYRIGQIAYLGDRLVAGGIPIQTPTGGHAVFVDAKKMLPHIPFDQFPGQAVINELYLESGVRAVEVGSLLLGRDPATNQQLVAPLEFLRLTIARRVYTNAHMDVIADALIRLKERAHTLRGLTFTYEPPMLRHFTARLKPIE,0.6655127326001726,0.5792180100376455,0.6193940071613628,0.676115823190572,0.619691818893705,0.6319864783766915,0.5644190077731637,0.5001960769195181,0.5693774374765953,0.5837911248787273,0.6558490292257395,0.5747265352547488