sid,fasta,predicted_solubility_model_0,predicted_solubility_model_1,predicted_solubility_model_2,predicted_solubility_model_3,predicted_solubility_model_4,predicted_solubility,predicted_usability_model_0,predicted_usability_model_1,predicted_usability_model_2,predicted_usability_model_3,predicted_usability_model_4,predicted_usability
WP_005345270.1,MRRIPEPFRIKMVEPIKQTTGAERRAALEAAGWNPFLLLAEDVYIDLLTDSGTGAMSDRQWAGIMMGDEAYAGSRNFVELERAVREIFGYQHVMPTHQGRGAEQILFPELVKRCKGKAPVFISNYHFDTTKAHVELAGARAINLLTPKALDTTAPYAWKGDFDLGRLSDTIETLGADNVAGVIITVTCNSAGGQPVSMANMEAVSELARRHHIPVVIDAARFAENAWFIKERDPAYAKCSIKEIVRQMFALGDIFTMSAKKDGLVNIGGLCCFKEDLDLFRAVQVRCVAMEGFVTYGGLAGRDMAALAIGLREGMDEEYLTYRISQVAYLGERLAEAGIPIQTPTGGHAVFVDAKKLLPHIPAEQFPAHALACALYLEGGVRGVEIGSLLLGRDPATGKQEAADFELLRLTIPRRVYTRDHMDYVADCLIAVKARASDICGLTFDYEPPLLRHFTARLKPV,0.6807922904734599,0.5517882048801328,0.6103628293436174,0.6717767260124794,0.6052600026496586,0.6239960106718696,0.4107501041621621,0.49398926731855686,0.5396949520298148,0.5382523981982111,0.39464300766960914,0.4754659458756708
WP_017780074.1,MRRIPEPFRIKMVEPIKQTTGAERRAALEAAGWNPFLLLAEDVYIDLLTDSGTGAMSDRQWAGIMMGDEAYAGSRNFVELERTVREIFGYQHVMPTHQGRGAEQILFPELVKRCQGKAPVFISNYHFDTTKAHVELAGARAINLLTPKALDTTAPYPWKGDFDLPRLSDTIDTLGAANVAGIIITVTCNSAGGQPVSMANMEAVSELAHRHHIPVVIDAARFAENAWFIKARDPAYAKCSIKEIVRQMFALGDIFTMSAKKDGLVNIGGLCCFKEDLDLFRAVQVRCVAMEGFVTYGGLAGRDMAALAIGLREGMDEEYLAYRISQVAYLGERLAEAGIPIQTPTGGHAVFVDAKKLLPHIPAGQFPAHALACELYLEGGVRGVEIGSLLLGRDPATGKQEAADFELLRLTIPRRVYTRDHMDYVADCLIAVKARASDICGLTFDYEPPLLRHFTARLKPL,0.6702176647804697,0.5491250607436197,0.6006674593579069,0.6476542712517772,0.5902224965671874,0.6115773905401921,0.44921764232057004,0.47859719180946747,0.5576820929430324,0.5368028455603074,0.5053121502284089,0.5055223845723572
WP_029303172.1,MRRIPEPFRIKMVEPIKQTTGAERRAALEAAGWNPFLLLAEDVYIDLLTDSGTGAMSDRQWAGIMMGDEAYAGSRNFVELERAVREIFGYQHVMPTHQGRGAEQILFPELVKRCKGKAPVFISNYHFDTTKAHVELAGARAINLLTPKALDTTAPYAWKGDFDLPRLSDTIETLGADNVAGIIITVTCNSAGGQPVSMANMEAVSELARRHHIPVVIDAARFAENAWFIKERDPAYAKCSIKEIVRQMFALGDIFTMSAKKDGLVNIGGLCCFKEDLDLFRAVQVRCVAMEGFVTYGGLAGRDMAALAIGLREGMDEEYLTYRISQVAYLGERLAEAGIPIQTPTGGHAVFVDAKKLLPHIPPEQFPAHALACELYLEGGVRGVEIGSLLLGRDPATGKQEAADFELLRLTIPRRVYTRDHMDYVADCLIAVKARASDIRGLAFDYEPPLLRHFTARLKPV,0.6596203689486473,0.553085522375022,0.5946517521637645,0.6578598083523896,0.6074423345600084,0.6145319572799663,0.414634679067988,0.47038406461617394,0.5252239263918718,0.5497664093201574,0.5273492042545465,0.4974716567301474
WP_040097909.1,MRRIPEPFRIKMVEPIKQTTGAERRAALEAAGWNPFLLLAEDVYIDLLTDSGTGAMSDRQWAGIMMGDEAYAGSRNFVELERTVREIFGYQHVMPTHQGRGAEQILFPELVKRCKGKAPVFISNYHFDTTKAHVELAGARAINLLTPKALDTTAPYAWKGDFDLPRLSDTIETLGADNVAGIIITVTCNSAGGQPVSMANMEAVSELARRHQIPVVIDAARFAENAWFIKERDPAYAKCSIKEIVRQMFALGDIFTMSAKKDGLVNIGGLCCFKEDLDLFRAVQVRCVAMEGFVTYGGLAGRDMAALAIGLREGMDEEYLTYRISQVAYLGERLAEAGIPIQTPTGGHAVFVDAKKLLPHIPAEQFPAHALACELYLEGGVRGVEIGSLLLGRDPATGKQEAADFELLRLTIPRRVYTRDHMDYVADCLIAVKARASDIRGLTFAYEPPLLRHFTARLKPV,0.6568670588288046,0.552437385769404,0.6004157317906306,0.6548044401170777,0.5915940905091124,0.6112237414030058,0.39091955783438825,0.4924343862159176,0.5019263618306712,0.5363976974992511,0.5676297518992486,0.4978615510558953
WP_041207591.1,MRRIPEPFRIKMVEPIKQTTGAERRAALEAAGWNPFLLLAEDVYIDLLTDSGTGAMSDRQWAGIMMGDEAYAGSRNFVELERTVRDIFGYRHVMPTHQGRGAEQILFPELVKRCKGKAPVFISNYHFDTTKAHVELAGARAINLLTPKALDTTAPYAWKGDFDLPRLSDTIETLGAANVAGVIITVTCNSAGGQPVSMANMEAVSALARRHHIPVVIDAARFAENAWFIKERDPAYAKCSIKEIVRQMFALGDIFTMSAKKDGLVNIGGLCCFKEDLDLFRAVQVRCVAMEGFVTYGGLAGRDMAALAIGLREGMDEEYLTYRISQVAYLGERLAEAGIPIQTPTGGHAVFVDAKKLLPHIPAEQFPAHALACELYLEGGVRGVEIGSLLLGRDPATGKQEAADFELLRLTIPRRVYTRDHMDYVADCLIAVKARASDIRGLTFDYEPPLLRHFTARLKPV,0.6611984359944517,0.5514814740370583,0.5941472858932707,0.6271016134357507,0.5956176337661684,0.6059092886253399,0.435042313712354,0.4826965987827961,0.530164929307293,0.5278567285229089,0.4961432354842272,0.49438076116191587
WP_042005970.1,MRRIPEPFRIKMVEPIKQTTGAERRAALEAAGWNPFLLLAEDVYIDLLTDSGTGAMSDRQWAGIMMGDEAYAGSRNFVELERTVREIFGYQHVIPTHQGRGAEQILFPELVKRCRGKAPVFISNYHFDTTKAHVELAGARAINLLTPKALDTTAPYPWKGDFDLPRLSDTIETLGADNVAGIIITVTCNSAGGQPVSMANMEAVAELARRHQIPVVIDAARFAENAWFIKARDPAYAKCSIKEIVRQMFALGDIFTMSAKKDGLVNIGGLCCFKEDLELSRAVQVRCVAMEGFVTYGGLAGRDMAALAIGLREGMDEEYLTYRISQVAYLGERLAEAGIPIQTPTGGHAVFVDAKKLLPHIPAEQFPAHALACELYLEGGVRGVEIGSLLLGRDPATGKQEAADFELLRLTIPRRVYTRDHMDYVADCLIAVKARASDIRGLTFDYEPPLLRHFTARLKPI,0.6641314672992993,0.5476030526645214,0.5942089439042967,0.6465639562033527,0.6010488242511245,0.6107112488645189,0.40998808687744737,0.4739304099460069,0.5236039676163602,0.5361258327859745,0.46689767250974473,0.4821091939471067
WP_042029654.1,MRRIPEPFRIKMVEPIKQTTGAERRAALEAAGWNPFLLLAEDVYIDLLTDSGTGAMSDRQWAGIMMGDEAYAGSRNFVELERTVREIFGYQHVMPTHQGRGAEQILFPELVKRCRGKAPVFISNYHFDTTKAHVELAGARAINLLTPKALDTTAPYAWKGDFDLPRLTDTIETLGADNVAGVIITVTCNSAGGQPVSMANMEAVSELARRHQIPVVIDAARFAENAWFIKERDPAYAKCSIKEIVRQMFALGDIFTMSAKKDGLVNIGGLCCFKEDLDLFRAVQVRCVAMEGFVTYGGLAGRDMAALAIGLREGMDEEYLTYRISQVAYLGERLAEAGIPIQTPTGGHAVFVDAKKLLPHIPAEQFPAHALACELYLEGGVRGVEIGSLLLGRDPATGKQEAADFELLRLTIPRRVYTRDHMDYVADCLIAVKARASDIRGLTFDYEPPLLRHFTARLKPV,0.656914615219451,0.561492033576283,0.5980455620383786,0.6549886839413865,0.5980662087802091,0.6139014207111415,0.44657815795395506,0.48683142537471585,0.5091082714365279,0.5453205995991982,0.5372229007175537,0.5050122710163901
WP_042082065.1,MRRIPEPFRIKMVEPIKQTTGTERRAALEAAGWNPFLLLAEDVYIDLLTDSGTGAMSDRQWAGIMMGDEAYAGSRNFVELERAVRDIFGYQHVMPTHQGRGAEQILFPELVKRCKGKAPVFISNYHFDTTKAHVELAGARAINLLTPKALDTTAPYAWKGDFDLPRLSDTIETLGAANVAGIIITVTCNSAGGQPVSMANMEAVSELARRHHIPVVIDAARFAENAWFIKERDPAYAKCSIKEIVRQMFALGDIFTMSAKKDGLVNIGGLCCFKEDLDLFRAVQVRCVAMEGFVTYGGLAGRDMAALAIGLREGMDEEYLTYRISQVAYLGELLAEAGIPIQTPTGGHAVFVDAKKLLPHIPAEQFPAHALACELYLEGGVRGVEIGSLLLGRDPATGKQEAADFELLRLTIPRRVYTRDHMDYVADCLIAVKARASDIRGLTFDYEPPLLRHFTARLKPV,0.6623714866882472,0.5536182796904113,0.6079869387922254,0.6656232221213575,0.6101067952120149,0.6199413445008513,0.4375081915049491,0.5129785518430854,0.5458225870196312,0.5345490706163798,0.47217886397855313,0.5006074529925197
WP_043122566.1,MRRIPEPFRIKMVEPIKQTTGAERRAALEAAGWNPFLLLAEDVYIDLLTDSGTGAMSDRQWAGIMMGDEAYAGSRNLVELERAVREIFGYQHVMPTHQGRGAEQILFPELVKRCQGKAPVFISNYHFDTTKAHVELAGARAINLLTPKALDTTAPYAWKGDFDLPRLSDTIETLGADNVAGIIITVTCNSAGGQPVSMANMEAVSELARRHHIPVVIDAARFAENAWFIKERDPAYAKRSIKEIVRQMFALGDIFTMSAKKDGLVNIGGLCCFKEDIDLFRAVQVRCVAMEGFVTYGDLAGRDMAALAIGLREGMDEEYLTYRISQVAYLGERLAEAGIPIQTPTGGHAVFVDAKKLLPHIPAEQFPAHALACELYLEGGVRGVEIGSLLLGRDPATGKQEAADFELLRLTIPRRVYTRDHMDYVADCLIAVKARASEIRGLTFDYEPPLLRHFTARLKPV,0.6691305602042061,0.5636199812621466,0.6267609690816235,0.6439743405205784,0.6048261961225672,0.6216624094382244,0.4125834912451297,0.45885015682107216,0.5383935979454374,0.5419676516133146,0.3527898828507914,0.4609169560951491
WP_043161685.1,MRRIPEPFRIKMVEPIKQTTGAERRAALEAAGWNPFLLLAEDVYIDLLTDSGTGAMSDRQWAGIMMGDEAYAGSRNFVELERAVREIFGYQHVMPTHQGRGAEQILFPELVKRCQGKAPVFISNYHFDTTKAHVELAGARAINLLTPKALDTTAPYAWKGDFDLPRLSDTIETLGADNVAGIIITVTCNSAGGQPVSMANMEAVSELARRHQIPVVIDAARFAENAWFIKERDPAYAKCSIKEIVRQMFALGDIFTMSAKKDGLVNIGGLCCFKEDLDLFRAVQVRCVAMEGFVTYGGLAGRDMAALAIGLREGMDEEYLTYRISQVAYLGERLAEAGIPIQTPTGGHAVFVDAKKLLPHIPAEQFPAHALACELYLEGGVRGVEIGSLLLGRDPATGKQEAADFELLRLTIPRRVYTRDHMDYVADCLIAVKARASDIRGLTFDYEPPLLRHFTARLKPV,0.6803172484886303,0.5549447258062821,0.5954716154535898,0.6873187524362238,0.6029808066825256,0.6242066297734503,0.41569225432145324,0.5192667745770535,0.5286940669529955,0.5491907926740768,0.5700493026853267,0.5165786382421811
WP_043165144.1,MRRIPEPFRIKMVEPIKQTTGAERRAALEAAGWNPFLLLAEDVYIDLLTDSGTGAMSDCQWAGIMMGDEAYAGSRNFVELERTVREIFGYQHVIPTHQGRGAEQILFPELVKRCQGKAPVFISNYHFDTTKAHVELAGARAINLLTPKALDTTAPYAWKGDFDLPRLNDTIETLGAGNVAGIIITVTCNSAGGQPVSMANMEAVSTLARRHHIPVVIDAARFAENAWFIKERDPAYAKRSIKEIVRQMFALGDIFTMSAKKDGLVNIGGLCCFKEDLELFRAVQVRCVAMEGFVTYGGLAGRDMAALAIGLREGMDEEYLTYRISQVAYLGERLAEASIPIQTPTGGHAVFVDAKKLLPHIPAEQFPAHALACELYLEGGVRGVEIGSLLLGRDPATGKQEAADFELLRLTIPRRVYTRDHMDYVADCLIAVNARASDIRGLTFDYEPPLLRHFTARLKPV,0.6539307619459754,0.5487209140043756,0.6151952186651489,0.6378514945940791,0.6102266468810905,0.613185007218134,0.41134958742559385,0.5231265213656162,0.535098432333545,0.5378061420203428,0.5016918383231838,0.5018145042936564
WP_043819874.1,MRRIPEPFRIKMVEPIKQTTGAERRAALEAAGWNPFLLLAEDVYIDLLTDSGTGAMSDRQWAGIMMGDEAYAGSRNFVELERAVRDIFGYQHVMPTHQGRGAEQILFPELVKRCRGKAPVFISNYHFDTTKAHVELAGARAINLLTPKALDTTAPYAWKGDFDLPRLSDTIETLGADNVAGIIITVTCNSAGGQPVSMANMEAVSELARRHHIPVVIDAARFAENAWFIKERDPAYAKCSIKEIVRQMFALGDIFTMSAKKDGLVNIGGLCCFREDLDLFRAVQVRCVAMEGFVTYGGLAGRDMAALAIGLREGMDEEYLTYRISQVAYLGERLAEAGIPIQTPTGGHAVFVDAKKLLPHIPAEQFPAHALACELYLEGGVRGVEIGSLLLGRDPATGKQEAADFELLRLTIPRRVYTRDHMDYVADCLIAVKARASDIGGLTFDYEPPLLRHFTARLKPV,0.6424716767614065,0.5557736785649714,0.5856976135523961,0.6549995805792156,0.6029256983008121,0.6083736495517604,0.3904969041018872,0.5004981959452601,0.5147345436637786,0.5378216691181482,0.4127221984116477,0.4712547022481443
WP_045525096.1,MRRIPEPFRIKMVEPIKQTTGAERRAALEAAGWNPFLLLAEDVYIDLLTDSGTGAMSDRQWAGIMMGDEAYAGSRNFVELERAVREIFGYQHVMPTHQGRGAEQILFPELVKRCQGKAPVFISNYHFDTTKAHVELAGARAINLLTPKALDTTAPYAWKGDVDLPRLTDTIETLGAANVAGIIITVTCNSAGGQPVSMANMEAVSELARRHQIPVVIDAARFAENAWFIKERDPAYAKCSIKEIVRQMFALGDIFTMSAKKDGLVNIGGLCCFKEDLDLFRAVQVRCVAMEGFVTYGGLAGRDMAALAIGLREGMDEEYLTYRISQVAYLGERLAEAGIPIQTPTGGHAVFVDAKKLLPHIPAEQFPAHALACELYLEGGVRGVEIGSLLLGRDPATGKQEAADFELLRLTIPRRVYTRDHMDYVADCLIAVKARASDIRGLTFDYEPPLLRHFTARLKPV,0.6806929980455659,0.5565776738952299,0.5864833225539302,0.668393126864843,0.5975845234366294,0.6179463289592397,0.44207843322531326,0.472969937318702,0.5034027985200041,0.5671027408504083,0.47290088336729696,0.4916909586563449
WP_064336140.1,MRRIPEPFRIKMVEPIKQTTGAERRAALEAAGWNPFLLLAEDVYIDLLTDSGTGAMSDRQWAGIMMGDEAYAGSRNFVELERTVREIFGYQHVMPTHQGRGAEQILFPELVKRCRGKAPVFISNYHFDTTKAHVELAGARAINLLTPKALDTTVPYAWKGDFDLPRLSDTIETLGAANVAGIIITVTCNSAGGQPVSMANMEAVSELARRHHIPVVIDAARFAENAWFIKERDPAYAKHSIKEIVRQMFALGDIFTMSAKKDGLVNIGGLCCFKEDLDLFRAVQVRCVAMEGFVTYGGLAGRDMAALAIGLREGMDEEYLTYRISQVAYLGERLAEAGIPIQTPTGGHAVFVDAKKLLPHIPAEQFPAHALACELYLEGGVRGVEIGSLLLGRDPATGKQEAADFELLRLTIPRRVYTRDHMDYVADCLIAVKARASDIRGLTFDYEPPLLRHFTARLKPV,0.685553160929458,0.5471556459739461,0.6075944539771991,0.6344816576488111,0.5950364466639071,0.6139642730386643,0.41806822152938,0.5053578333840282,0.5484584107037739,0.545941235765491,0.5307735932377433,0.5097198589240832
WP_071910368.1,MRRIPEPFRIKMVEPIKQTTGAERRAALEAAGWNPFLLLAEDVYIDLLTDSGTGAMSDRQWAGIMMGDEAYAGSRNFVELERTVREIFGYQHVMPTHQGRGAEQILFPELVKRCKGKAPVFISNHHFDTTKAHVELAGARAINLLTPKALDTTAPYAWKGDFDLPRLSDTIETLGADNVAGIIITVTCNSAGGQPVSMANMEAVSELARRHQIPVVIDAARFAENAWFIKERDPAYAKCSIKEIVRQMFALGDIFTMSAKKDGLVNIGGLCCFKEDLDLFRAVQVRCVAMEGFVTYGGLAGRDMAALAIGLREGMDEEYLTYRISQVAYLGERLAEAGIPIQTPTGGHAVFVDAKKLLPHIPAEQFPAHALACELYLEGGVRGVEIGSLLLGRDPATGKQEAADFELLRLTIPRRVYTRDHMDYVADCLIAVKARACDIRGLTFDYEPPLLRHFTARLKPV,0.667991918839525,0.5524328135277198,0.6237001337264418,0.6462070506503275,0.6023389934940553,0.618534182047614,0.4255266850698284,0.5148222366897314,0.511951293109571,0.531381898464881,0.5446586579224397,0.5056681542512903
WP_100653840.1,MRRIPEPFRIKMVEPIKQTTGAERRAALEAAGWNPFLLLAEDVYIDLLTDSGTGAMSDRQWAGIMMGDEAYAGSRNFVELERTVREIFGYQHVMPTHQGRGAEQILFPELVKRCKGKAPVFISNYHFDTTKAHVELAGARAINLLTPKALDTTAPYAWKGDFDLPRLSDTIETLGAANVAGIIITVTCNSAGGQPVSMANMEAVSALARRHHIPVVIDAARFAENAWFIKERDPAYAKCSIKEIVRQMFALGDIFTMSAKKDGLVNIGGLCCFKEDLDLFRAVQVRCVAMEGFVTYGGLAGRDMAALAIGLREGMDEEYLTYRISQVAYLGERLAEAGIPIQTPTGGHAVFVDAKKLLPHIPAEQFPAHALACELYLEGGVRGVEIGSLLLGRDPATGKQEAADFELLRLTIPRRVYTRDHMDYVADCLIALKARASDIRGLTFDYEPPLLRHFTARLKPV,0.6778132322368977,0.5446703580771124,0.586848446149003,0.6512436604836738,0.6044171858756395,0.6129985765644652,0.4286431712275711,0.4933263702041967,0.5030595329563841,0.5190660309710539,0.49892408985930276,0.4886038390437017
WP_103252490.1,MRRIPEPFRIKMVEPIKQTTGAERRAALEAAGWNPFLLLAEDVYIDLLTDSGTGAMSDRQWAGIMMGDEAYAGSRNFVELEHTVRDIFGYQHVMPTHQGRGAEQILFPELVKRCKGKAPVFISNYHFDTTKAHVELAGARAINLLTPRALDTTAPYAWKGDFDLPRLTDTIETLGVANVAGIIITVTCNSAGGQPVSMANMEAVSELARRHQIPVVIDAARFAENAWFIKERDPAYAKCSIKEIVRQMFALGDIFTMSAKKDGLVNIGGLCCFKEDLDLFRAVQVRCVAMEGFVTYGGLAGRDMAALAIGLREGMDEEYLTYRISQVAYLGERLAEAGIPIQTPTGGHAVFVDAKKLLPHIPAEQFPAHALACELYLEGGVRGVEIGSLLLGRDPATGKQEAADFELLRLTIPRRVYTRDHMDYVADCLIAVKARASDIRGLTFDYEPPLLRHFTARLKPV,0.6468680083268246,0.556529504274099,0.5791164331139081,0.6421489083764343,0.6106429157085768,0.6070611539599685,0.42899226607224017,0.4860514766574303,0.542478031229951,0.5327790627521327,0.5128234344418328,0.5006248542307175
WP_106552707.1,MRRIPEPFRIKMVEPIKQTTGAERRAALEAAGWNPFLLLAEDVYIDLLTDSGTGAMSDRQWAGIMMGDEAYAGSRNFVELERAVREIFGYQHVMPTHQGRGAEQILFPELVKRCQGKAPVFISNYHFDTTKAHVELAGARAINLLTPKALDTTAPYAWKGDFDLPRLSDTIETLGADNVAGIIITVTCNSAGGQPVSMANMEAVAELARRHRIPVVIDAARFAENAWFIKERDPAYAKRSIKEIVRQMFALGDIFTMSAKKDGLVNIGGLCCFKEDLDLFRAVQVRCVAMEGFVTYGGLAGRDMAALAIGLREGMDEEYLTYRISQVAYLGERLAEAGIPIQTPTGGHAVFVDAKKLLPHIPAEQFPAHALACALYLEGGVRGVEIGSLLLGRDPATGKQEAADFELLRLTIPRRVYTRDHMDYVADCLIAVKARASDIRGLTFDYEPPLLRHFTARLKPV,0.6682347343779023,0.5439915608060054,0.5830967390990611,0.6521054635965866,0.5984252000899568,0.6091707395939026,0.40827318114797523,0.4424014575949806,0.48355660526863,0.5303492460537685,0.5198837357053777,0.47689284515414637
WP_108612860.1,MRRIPEPFRIKMVEPIKQTTGAELRAALEAAGWNPFLLLAEDVYIDLLTDSGTGAMSDRQWAGIMMGDEAYAGSRNFVELERTVREIFGYQHVMPTHQGRGAEQILFPELVKRCKGKAPVFISNYHFDTTKAHVELAGARAINLLTPKALDTTAPYAWKGDFDLPRLTDTIETLGAANVAGIIITVTCNSAGGQPVSMANMEAVSELARRHHIPVVIDAARFAENAWFIKERDSAYAKRSIKEIVRQMFALGDIFTMSAKKDGLVNIGGLCCFKEDLELFRAVQVRCVAMEGFVTYGGLAGRDMAALAIGLREGMDEEYLTYRISQVAYLGERLAEAGIPIQTPTGGHAVFVDAKKLLPHIPAEQFPAHALACELYLEGGVRGVEIGSLLLGRDPATGKQEAADFELLRLTIPRRVYTRDHMDYVADCLIAVKARASDIRGLTFDYEPPLLRHFTARLKPV,0.6647161359441033,0.5559725566431051,0.6131479187043518,0.6610669564368067,0.6027681355726132,0.6195343406601961,0.4227257724690991,0.4796482996650213,0.5719546739319367,0.5489479630110574,0.5397106217552662,0.5125974661664762
WP_110303104.1,MRRIPEPFRIKMVEPIKQTTGAERRAALEAAGWNPFLLLAEDVYIDLLTDSGTGAMSDRQWAGIMMGDEAYAGSRNFVELERTVREIFGYQHVMPTHQGRGAEQILFPELVKRCRGKAPVFISNYHFDTTKAHVELAGARAINLLTPKALDTTAPYAWKGDFDLPRLSDTIETLGADNVAGIIITVTCNSAGGQPVSMANMEAVSELARRHHIPVVIDAARFAENAWFIKERDPAYAKCSIKEIVRQMFALGDIFTMSAKKDGLVNIGGLCCFKEELDLFRAVQVRCVAMEGFVTYGGLAGRDMAALAIGLREGMDEEYLTYRISQVAYLGERLAEAGIPIQTPTGGHAVFVDAKKLLPHIPAEQFPAHALACELYLEGGVRGVEIGSLLLGRDPATGKQEAADFELLRLTIPRRVYTRDHMDYVADCLIAVQARASDIRGLTFDYEPPLLRHFTARLKPV,0.6569381504377647,0.563579907979386,0.6038006517596763,0.6683187579601709,0.6085857335985863,0.6202446403471168,0.45663226208713675,0.5126510356510149,0.5626284251510814,0.5423723807441456,0.5737059807480112,0.5295980168762779
WP_111899977.1,MRRIPEPFRIKMVEPIKQTTGAERRAALEAAGWNPFLLLAEDVYIDLLTDSGTGAMSDRQWAGIMMGDEAYAGSRNFVELERTVRDIFGYQHVMPTHQGRGAEQILFPELVKRCKGKAPVFISNYHFDTTKAHVELAGARAINLLTPKALDTTAPYAWKGDFDLPRLSDTIETLGADNVAGVIITVTCNSAGGQPVSMANMEAVSALARRHHIPVVIDAARFAENAWFIKERDPAYAKCSIKEIVRQMFALGDIFTMSAKKDGLVNIGGLCCFKEDLDLFRAVQVRCVAMEGFVTYGGLAGRDMAALAIGLREGMDEEYLTYRISQVAYLGERLAEAGIPIQTPTGGHAVFVDAKKLLPHIPAEQFPAHALACELYLEGGVRGVEIGSLLLGRDPATGKQEAADFELLRLTIPRRVYTRDHMDYVADCLIAVKARASDIRGLTFDYEPPLLRHFTARLKPV,0.6692829449271512,0.5518782319891475,0.5918616647514664,0.6301405607206696,0.613735353377834,0.6113797511532537,0.4230537144436311,0.511664858924165,0.5548020689870342,0.5394727910948438,0.4974122143445657,0.505281129558848
WP_113995742.1,MRRIPEPFRIKMVEPIKQTTGAERRAALEAAGWNPFLLLAEDVYIDLLTDSGTGAMSDRQWAGIMMGDEAYAGSRNFVELERAVREIFGYQHVMPTHQGRGAEQILFPELVKRCQGKAPVFISNYHFDTTKAHVELAGARAINLLTRKALDTTAPYAWKGDFDLPRLTDTIETLGADNVAGIIITVTCNSAGGQPVSMANMEAVSELARRHHIPVVIDAARFAENAWFIKERDPAYAKCSIKEIVHQMFALGDIFTMSAKKDGLVNIGGLCCFKEDLDLFRAVQVRCVAMEGFVTYGGLAGRDMAALAIGLREGMDEEYLTYRISQVAYLGERLAEAGIPIQTPTGGHAVFVDAKKLLPHIPAEQFPAHALACELYLEGGVRGVEIGSLLLGRDPATGKQEAADFELLRLTIPRRVYTRDHMDYVADCLIAVKARASDIRGLTFDYEPPLLRHFTARLKPV,0.6774300209939144,0.5569267191830419,0.5861050327537991,0.6457604611482403,0.6066085309205091,0.6145661529999009,0.41341583328093995,0.4876043459085854,0.5272773628479093,0.5353516031233342,0.506553693177171,0.49404056766758797
WP_126881964.1,MRRIPEPFRIKMVEPIKQTTGAERRAALEAAGWNPFLLLAEDVYIDLLTDSGTGAMSDRQWAGIMMGDEAYAGSRNFVELERTVREIFGYQHVMPTHQGRGAEQILFPELVKRCQGKAPVFISNYHFDTTKAHVELAGARAINLLTPKALDTTAPYPWKGDFDLPRLSDTIETMGAANVAGIIITVTCNSAGGQPVSMANMEAVSELARRHHIPVVIDAARFAENAWFIKARDPAYAKCSIKEIVRQMFALGDIFTMSAKKDGLVNIGGLCCFKEDLDLFRAVQVRCVAMEGFVTYGGLAGRDMAALAIGLREGMDEEYLTYRISQVAYLGERLAEAGIPIQTPTGGHAVFVDAKKLLPHIPAEQFPAHALACELYLEGGVRGVEIGSLLLGRDPATGKQEAADFELLRLTIPRRVYTRDHMDYVADCLIAVKARASDIRGLTFDYEPPLLRHFTARLKPL,0.6658063627864695,0.5538701749852407,0.590878665952388,0.6788515976616738,0.5867959208787007,0.6152405444528946,0.4013439946779953,0.501399280575636,0.5185081621815908,0.5458067470918725,0.5217433742005377,0.49776031174552654
WP_128835783.1,MRRIPEPFRIKMVEPIKQTTGAERRAALEAAGWNPFLLLAEDVYIDLLTDSGTGAMSDRQWAGIMMGDEAYAGSRNFVELERTVRDIFGYQHVMPTHQGRGAEQILFPELVKRCKGKAPVFISNYHFDTTKAHVELAGARAINLLTPKALDTTAPYAWKGDFDLPRLTDTIETLGADNVAGIIITVTCNSAGGQPVSMANMEAVSELAHRHHIPVVIDAARFAENAWFIKERDPAYAKCSIKEIVRQMFALGDIFTMSAKKDGLVNIGGLCCFKEDLDLFRAVQVRCVAMEGFVTYGGLAGRDMAALAIGLREGMDEEYLTYRISQVAYLGERLAEAGIPIQTPTGGHAVFVDAKKLLPHIPAEQFPAHALACELYLEGGVRGVEIGSLLLGRDPATGKQEAADFELLRLTIPRRVYTRDHMDYVADCLIAVKARASDIRGLTFDYEPPLLRHFTARLKPV,0.6789023781852898,0.5625363485621907,0.6046556421884071,0.6699304570331598,0.6053464336594065,0.6242742519256907,0.4611387245575566,0.549162378037653,0.5749844147185811,0.5465833921505469,0.5582744065384341,0.5380286632005543
WP_139399829.1,MRRIPEPFRIKMVEPIKQTTGAERRAALEAAGWNPFLLLAEDVYIDLLTDSGTGAMSDRQWAGIMMGDEAYAGSRNFVELERTVREIFGYQHVMPTHQGRGAEQILFPELVKRCRGKAPVFISNYHFDTTKAHVELAGARAINLLTPKALDTTAPYAWKGDFDLPRLSDTIETLGADNVAGIIITVTCNSAGGQPVSMANMEAVSELARRHHIPVVIDAARFAENAWFIKARDPAYAKCSIKEIVRQMFALGDIFTMSAKKDGLVNIGGLCCFKEDLDLFRAVQVRCVAMEGFVTYGGLAGRDMAALAIGLREGMDEEYLTYRISQVAYLGERLAEAGIPIQTPTGGHAVFVDAKKLLPHIPAEQFPAHALACELYLEGGVRGVEIGSLLLGRDPATGKQEAADFELLRLTIPRRVYTRDHMDYVADCLIAVQARASDICGLTFDYEPPLLRHFTARLKPV,0.674359803041036,0.5514192496045097,0.6067800488635573,0.6539399477942315,0.6051290085691577,0.6183256115744984,0.4211703849442135,0.5255043412606573,0.5326669740918886,0.54341438222491,0.47476082766531824,0.4995033820373975
WP_139427101.1,MRRIPEPFRIKMVEPIKQTTGAERRAALKAAGWNPFLLLAEDVYIDLLTDSGTGAMSDRQWAGIMMGDEAYAGSRNFVELERAVREIFGYQHVMPTHQGRGAEQILFPELVKRCKGEAPVFISNYHFDTTKAHVELAGARAINLLTPKALDTTAPYAWKGDFDLPRLTDTIETLGADNVAGIIITVTCNSAGGQPVSMANMEAVSELARRHHIPVVIDAARFAENAWFIKERDPAYAKHSIKEIVRQMFALGDIFTMSAKKDGLVNIGGLCCFKEDLDLFRAVQVRCVAMEGFVTYGGLAGRDMAALAIGLREGMDEEYLTYRISQVAYLGERLTEAGIPIQTPTGGHAVFVDAKKLLPHIPAEQFPAHALACELYLEGGVRGVEIGSLLLGRDPATGKQEAADFELLRLTIPRRVYTRDHMDYVADCLIAVKARASDIRGLTFDYEPPLLRHFTARLKPV,0.6674221441637329,0.5647067283259185,0.6141604280866982,0.695748237894774,0.6150650437245047,0.6314205164391258,0.43576003358230997,0.5163037456802004,0.5284763206475552,0.5534474923548957,0.48301855063069343,0.5034012285791309
WP_139441422.1,MRRIPEPFRIKMVEPIKQTTGAERRAALEAAGWNPFLLLAEDVYIDLLTDSGTGAMSDRQWAGIMMGDEAYAGSRNFVELERAVRDIFGYQHVMPTHQGRGAEQILFPELVKRCKGKAPVFISNYHFDTTKAHVELAGARAINLLTPKALDTTAPYAWKGDFDLPRLSDTIETLGADNVAGVIITVTCNSAGGQPVSMANMEAVSALARRHQIPVVIDAARFAENAWFIKKRDPAYAKCSVKEIVRQMFALGDIFTMSAKKDGLVNIGGLCCFKEDLDLFRAVQVRCVAMEGFVTYGGLAGRDMAALAIGLREGMDEEYLTYRISQVAYLGERLAEAGIPIQTPTGGHAVFVDAKKLLPHIPAEQFPAHALACELYLEGGVRGVEIGSLLLGRDPATGKQEAADFELLRLTIPRRVYTRDHMDYVADCLIALKARASDIRGLTFDYEPPLLRHFTARLKPV,0.6706615615066753,0.5540683084213534,0.6035326165903043,0.6269559192222005,0.6098402695413175,0.6130117350563702,0.41428841485296647,0.494107322732915,0.4846799138080196,0.5303993240412982,0.37701621050734163,0.4600982371885082
WP_139730863.1,MRRIPEPFRIKMVEPIKQTTGAERRAALEAAGWNPFLLLAEDVYIDLLTDSGTGAMSDRQWAGIMMGDEAYAGSRNFVELERTVRDIFGYQHVMPTHQGRGAEQILFPELVKRCKGKAPVFISNYHFDTTKAHVELAGARAINLLTPKALDTTAPYAWKGDFDLPRLTDTIETLGAANVAGIIITVTCNSAGGQPVSMANMEAVSELARRHQIPVVIDAARFAENAWFIKERDPAYAKRSIKEIVRQMFALGDIFTMSAKKDGLVNIGGLCCFKEDLDLFRAVQVRCVAMEGFVTYGGLAGRDMAALAIGLREGMDEEYLTYRISQVAYLGERLAEAGIPIQTPTGGHAVFVDAKKLLPHIPAEQFPAHALACELYLEGGVRGVEIGSLLLGRDPATGKQEAADFELLRLTIPRRVYTRDHMDYVADCLIAVKARASDIRGLTFDYEPPLLRHFTARLKPV,0.6459785466251222,0.5476237583375114,0.5970241977213252,0.6627609240223495,0.5964825774489639,0.6099740008310546,0.4129469922292891,0.46837154625205085,0.5495985120777572,0.5359230690287519,0.5591802792220254,0.505204079761975
WP_139735639.1,MRRIPEPFRIKMVEPIKQTTGAERRAALEAAGWNPFLLLAEDVYIDLLTDSGTGAMSDRQWAGIMMGDEAYAGSRNFVELERTVREIFGYQHVMPTHQGRGAEQILFPELVKRCKGKAPVFISNYHFDTTKAHVELAGARAINLLTPKALDTTAPYAWKGDFDLPRLTDTIETLGADNVAGIIITVTCNSAGGQPVSMANMEAVAELARRHHIPVVIDAARFAENAWFIKERDPAYAKHSIKEIVRQMFALGDIFTMSAKKDGLVNIGGLCCFKEDLDLFRAVQVRCVAMEGFVTYGGLAGRDMAALAIGLREGMDEEYLTYRISQVAYLGERLAEAGIPIQTPTGGHAVFVDAKKLLPHIPAEQFPAHALACELYLEGGVRGVEIGSLLLGRDPATGKQEAADFELLRLTIPRRVYTRDHMDYVADCLIAVKARASDIRGLTFDYEPPLLRHFTARLKPV,0.6789847770800461,0.5705463289932056,0.6206366250626062,0.6809017198352963,0.6075110669525137,0.6317161035847336,0.4628918896500123,0.5143868668615114,0.5445985044540834,0.5723800812982826,0.5488796788742579,0.5286274042276295
WP_139741152.1,MRRIPEPFRIKMVEPIKQTTGAERRAALEAAGWNPFLLLAEDVYIDLLTDSGTGAMSDRQWAGIMMGDEAYAGSRNFVELERTVREIFGYQHVMPTHQGRGAEQILFPELVKRCKGKAPVFISNYHFDTTKAHVELAGARAINLLTPKALDTTAPYAWKGDFDLPRLTDTIETLGADNVAGIIITVTCNSAGGQPVSMANMEAVSELARRHQIPVVIDAARFAENAWFIKERDPAYAKCSIKEIVRQMFALGDIFTMSAKKDGLVNIGGLCCFKEDLDLFRAVQVRCVAMEGFVTYGGLAGRDMAALAIGLREGMDEEYLTYRISQVAYLGERLVEAGIPIQTPTGGHAVFVDAKKLLPHIPAEQFPAHALACELYLEGGVRGVEIGSLLLGRDPATGKQEAADFELLRLTIPRRVYTRDHMDYVADCLIAVKARASDIRGLTFDYEPPLLRHFTARLKPV,0.6582112164026627,0.5489985947279075,0.5991860398895822,0.6678778815399835,0.5997461618311953,0.6148039788782662,0.41193740734578077,0.5178825898238734,0.545289294362934,0.5470441885208699,0.6225571532862453,0.5289421266679406
WP_139743001.1,MRRIPEPFRIKMVEPIKQTTGAERRAALEAAGWNPFLLLAEDVYIDLLTDSGTGAMSDRQWAGIMMGDEAYAGSRNFVELERTVRDIFGYQHVMPTHQGRGAEQILFPELVKRCKGKAPVFISNYHFDTTKAHVELAGARAINLLTPKALDTTAPYAWKGDFDLPRLSDTIETLGAANVAGIIITVTCNSAGGQPVSMANMEAVSALARRYQIPVVIDAARFAENAWFIKERDPAYAKCSIKEIVRQMFALGDIFTMSAKKDGLVNIGGLCCFKEDLDLFRAVQVRCVAMEGFVTYGGLAGRDMAALAIGLREGMDEEYLTYRISQVAYLGERLAEAGIPIQTPTGGHAVFVDAKKLLPHIPAEQFPAHALACELYLEGGVRGVEIGSLLLGRDPATGKQEAADFELLRLTIPRRVYTRDHMDYVADCLIAVQARASDIRGLTFDYEPPLLRHFTARLKPV,0.6696125042740427,0.5459924503701064,0.5847102290980695,0.6358791782047454,0.5948165041567662,0.6062021732207461,0.41473427929494033,0.5012121959122754,0.5194764986138903,0.5211467844599376,0.5193542850320121,0.49518480866261105
WP_139747183.1,MRRIPEPFRIKMVEPIKQTTGAERRAALEAAGWNPFLLLAEDVYIDLLTDSGTGAMSDRQWAGIMMGDEAYAGSRNFVELERTVREIFGYQHVMPTHQGRGAEQILFPELVKRCKGKAPVFISNYHFDTTKAHVELAGARAINLLTPKALDTTAPYAWKGDFDLPRLTDTIETLGAANVAGIIITVTCNSAGGQPVSMANMEAVSELARRHQIPVVIDAARFAENAWFIKERDPAYAKCSIKEIVRQMFALGDIFTMSAKKDGLVNIGGLCCFKEDLDLFRAVQVRCVAMEGFVTYGGLAGRDMAALAIGLREGMDEEYLTYRISQVAYLGERLAEAGIPIQTPTGGHAVFVDAKKLLPHIPAEQFPAHALACELYLEGGVRGVEIGSLLLGRDPATGKQEAADFELLRLTIPRRVYTRDHMDYVADCLIAVKARASDIRGLTFDYEPPLLRHFTARLKPV,0.6730873481698677,0.552494845675011,0.5903173647300842,0.6381490614266975,0.602895510300525,0.611388826060437,0.43192931707360804,0.5033066163204124,0.530946090706382,0.5380635001036552,0.5033164120072114,0.5015123872422538
WP_149152997.1,MRRIPEPFRIKMVEPIKQTTGAERRAALEAAGWNPFLLLAEDVYIDLLTDSGTGAMSDRQWAGIMMGDEAYAGSRNFVELERTVRDIFGYQHVMPTHQGRGAEQILFPELVKRCKGKAPVFISNYHFDTTKAHVELAGARAINLLTPKALDTTAPYAWKGDFDLPRLTDTIETMGAANVAGIIITVTCNSAGGQPVSMANMKAVSELARRHHIPVVIDAARFAENAWFIKERDPAYAKCSIKEIVRQMFALGDIFTMSAKKDGLVNIGGLCCFREDLDLFRAVQVRCVAMEGFVTYGGLAGRDMAALAIGLREGMDEEYLTYRISQVAYLGERLAEAGIPIQTPTGGHAVFVDAKKLLPHIPAEQFPAHALACQLYLEGGVRGVEIGSLLLGRDPATGKQEVADFELLRLTIPRRVYTRDHMDYVADCLIAMKARASDIRGLTFDYEPPLLRHFTARLKPV,0.6907641233365789,0.5678865962731595,0.6112090731413999,0.6610518118563252,0.6016047595328791,0.6265032728280685,0.4808251022573664,0.5626034831254547,0.5500012671703978,0.5394129206046219,0.5642264323052526,0.5394138410926187