Species,Category
Abies alba,Flora
Abrus precatorius,Flora
Absidia caerulea,Fungi
Acacia mangium,Flora
Acer x freemanii,Flora
Acinonyx jubatus,Fauna
Acrodontium crateriforme,Fungi
Actinidia chinensis,Flora
Actinidia deliciosa,Flora
Acyrthosiphon pisum LSR1,Fauna
Adineta vaga,Fauna
Aedes aegypti,Fauna
Aegiceras corniculatum,Flora
Aesculus chinensis,Flora
Aglaonema commutatum,Flora
Ailurus fulgens,Fauna
Ainsliaea apiculata,Flora
Ainsliaea faurieana,Flora
Ainsliaea fragrans,Flora
Ainsliaea macroclinidioides,Flora
Ainsliaea oblonga,Flora
Albuca bracteata,Flora
Albugo laibachii Nc14,Other
Allium cepa,Flora
Aloe arborescens,Flora
Aloe vera,Flora
Alona affinis,Fauna
Alopecurus aequalis,Flora
Alopecurus myosuroides,Flora
Alternaria alternata,Fungi
Amaranthus hypochondriacus,Flora
Amaranthus tricolor,Flora
Amaranthus viridis,Flora
Amblyomma maculatum,Fauna
Amsonia hubrichtii,Flora
Ananas comosus var. bracteatus,Flora
Andrographis alata,Flora
Andrographis paniculata,Flora
Anemarrhena asphodeloides,Flora
Angelica decursiva,Flora
Angelica keiskei,Flora
Angomonas deanei Crithidia deanei Carvalho (ATCC PRA-265),Other
Anguilla anguilla,Fauna
Annona squamosa,Flora
Annulohypoxylon sp. FPYF3050,Fungi
Anoectochilus roxburghii,Flora
Anoplopoma fimbria,Fauna
Anthriscus sylvestris,Flora
Anthurium andraeanum,Flora
Antirrhinum majus,Flora
Apera spica-venti,Flora
Aphis gossypii,Fauna
Apis cerana,Fauna
Apium graveolens,Flora
Aquilegia flabellata,Flora
Aquilegia formosa,Flora
Arabidopsis arenosa,Flora
Arabidopsis halleri,Flora
Arabidopsis lyrata subsp. lyrata,Flora
Arabidopsis lyrata subsp. petraea,Flora
Arabidopsis suecica,Flora
Arabidopsis thaliana,Flora
Arabis alpina,Flora
Arachis duranensis,Flora
Arachis hypogaea,Flora
Arachis ipaensis,Flora
Aralia cordata,Flora
Aralia elata,Flora
Arctictis binturong,Fauna
Arctocephalus forsteri,Fauna
Arctogadus glacialis,Fauna
Ardisia japonica,Flora
Arisaema erubescens,Flora
Arnebia euchroma,Flora
Artemisia annua,Flora
Ascaris suum,Fauna
Asclepias curassavica,Flora
Ascochyta rabiei,Fungi
Ashbya aceris (nom. inval.),Unknown
Aspergillus burnettii FRR 5400,Fungi
Aspergillus chevalieri M1,Fungi
Aspergillus flavus AF13,Fungi
Aspergillus flavus CA14,Fungi
Aspergillus flavus NRRL 3357,Fungi
Aspergillus flavus NRRL3357,Fungi
Aspergillus fumigatus AF100-9B,Fungi
Aspergillus luchuensis IFO 4308,Fungi
Aspergillus luchuensis RIB2601,Fungi
Aspergillus nidulans FGSC A4,Fungi
Aspergillus niger CBS 513.88,Fungi
Aspergillus oryzae,Fungi
Aspergillus oryzae RIB40,Fungi
Aspergillus puulaauensis MK2,Fungi
Aspergillus versicolor dI-29,Fungi
Aspergillus versicolor IMB17-055,Fungi
Aspergillus wentii CBS141173,Fungi
Astilbe chinensis,Flora
Astragalus membranaceus,Flora
Astragalus mongholicus,Flora
Astragalus propinquus,Flora
Astrophytum ornatum,Flora
Atalantia ceylanica,Flora
Atropa belladonna,Flora
Aurantiochytrium limacinum mh0186,Other
Aureobasidium melanogenum,Fungi
Aureobasidium pullulans NRRL-12974,Fungi
Australozyma saopauloensis 19XY460,Fungi
Austroacremonium gemini MST-FP2131,Fungi
Avena sativa,Flora
Avena strigosa,Flora
Babesia bigemina Bond,Other
Bacopa monnieri,Flora
Balaenoptera acutorostrata,Fauna
Barbarea vulgaris,Flora
Barbarea vulgaris subsp. arcuata,Flora
Basella alba,Flora
Bathycoccus prasinos RCC1105,Flora
Batrachochytrium dendrobatidis JEL423,Fungi
Beauveria bassiana ATCC 7159,Fungi
Begonia x semperflorens-cultorum,Flora
Bellis perennis,Flora
Bellonia spinosa,Flora
Bemisia tabaci,Fauna
Bergenia purpurascens,Flora
Beta vulgaris,Flora
Betula platyphylla,Flora
Bituminaria bituminosa,Flora
Blumeria graminis f. sp. tritici,Fungi
Bombyx mori,Fauna
Bombyx mori C108,Fauna
Bombyx mori p50T,Fauna
Bondarzewia mesenterica DSM 108281,Fungi
Boreogadus saida,Fauna
Bos taurus,Fauna
Bos taurus L1 Hereford,Fauna
Botrytis cinerea B05.10,Fungi
Botrytis cinerea T4,Fungi
Bougainvillea glabra,Flora
Bougainvillea peruviana,Flora
Bougainvillea spectabilis,Flora
Brachionus koreanus,Fauna
Brachionus paranguensis,Fauna
Brachionus plicatilis,Fauna
Brachionus rotundiformis,Fauna
Brachypodium distachyon,Flora
Branchiostoma floridae,Fauna
Brassica juncea,Flora
Brassica napus,Flora
Brassica napus var. napus,Flora
Brassica nigra,Flora
Brassica oleracea,Flora
Brassica oleracea var. alboglabra,Flora
Brassica oleracea var. botrytis,Flora
Brassica oleracea var. capitata,Flora
Brassica oleracea var. italica,Flora
Brassica oleracea var. medullosa,Flora
Brassica rapa,Flora
Brassica rapa subsp. campestris,Flora
Brassica rapa subsp. pekinensis,Flora
Brassica rapa var. purpuraria,Flora
Brassicogethes aeneus,Fauna
Brenthis ino,Fauna
Brettanomyces bruxellensis UCD 2041,Fungi
Brettanomyces nanus CBS 1945,Fungi
Briggsiopsis delavayi,Flora
Buddleja davidii,Flora
Bupleurum chinense,Flora
Bursaphelenchus xylophilus,Fauna
Caenorhabditis brenneri CFB2252,Fauna
Caenorhabditis briggsae,Fauna
Caenorhabditis briggsae isolate QX1410_ONT,Fauna
Caenorhabditis elegans BRISTOL N2,Fauna
Caenorhabditis elegans Bristol N2,Fauna
Caenorhabditis sp. PS1010,Fauna
Cajanus cajan,Flora
Cajanus platycarpus,Flora
Callithrix jacchus,Fauna
Callorhinchus milii,Fauna
Callorhinus ursinus,Fauna
Calotropis gigantea,Flora
Calotropis procera,Flora
Camellia chekiangoleosa,Flora
Camellia fraterna,Flora
Camellia japonica,Flora
Camellia nitidissima,Flora
Camellia sinensis,Flora
Camellia sinensis var. assamica,Flora
Camellia sinensis var. sinensis,Flora
Camelus bactrianus,Fauna
Campsis grandiflora,Flora
Canarium album,Flora
Candida albicans,Fungi
Candida albicans SC5314,Fungi
Candida anglica 29B2s-10,Fungi
Candida dubliniensis CD36,Fungi
Candida orthopsilosis Co 90-125,Fungi
Candida parapsilosis CDC317,Fungi
"Candida parapsilosis SR23, CBS 7157",Fungi
Candidozyma auris B11205,Fungi
Candidozyma auris B11220,Fungi
Candidozyma auris B11245,Fungi
Candidozyma auris isolate A106871,Fungi
Candidozyma auris isolate IFRC2087,Fungi
Candidozyma auris isolate LMDM 1219,Fungi
Candidozyma haemuli isolate CA3LBN,Fungi
Canis lupus familiaris,Fauna
Canis rufus,Fauna
Canna indica,Flora
Capparis spinosa,Flora
Capra hircus,Fauna
Capsella grandiflora,Flora
Capsella rubella,Flora
Capsicum annuum,Flora
Capsicum frutescens,Flora
Cardamine impatiens,Flora
Cardamine resedifolia,Flora
Caretta caretta,Fauna
Carex duriuscula subsp. rigescens,Flora
Carica papaya,Flora
Carnegiea gigantea,Flora
Carthamus tinctorius,Flora
Castanea mollissima,Flora
Castanea sativa,Flora
Catharanthus longifolius,Flora
Catharanthus ovalis,Flora
Catharanthus roseus,Flora
Catopuma temminckii,Fauna
Cavia porcellus,Fauna
Cavia porcellus HARTLEY,Fauna
Celosia cristata,Flora
Cenchrus americanus,Flora
Centaurea cyanus,Flora
Centella asiatica,Flora
Centranthera grandiflora,Flora
Ceratobasidium sp. AG-Ba JN,Fungi
Ceratobasidium sp. AG-Ba LY,Fungi
Ceratotherium simum,Fauna
Cercospora beticola,Fungi
Ceutorhynchus assimilis,Fauna
Chelon labrosus,Fauna
Chenopodium quinoa,Flora
Chilo suppressalis,Fauna
Chironomus kiiensis,Fauna
Chironomus riparius,Fauna
Chlorophytum borivilianum,Flora
Chloropicon primus CCMP1205,Flora
Chloropicon primus RCC138,Flora
Chloropicon roscoffensis CCMP1998,Flora
Chloropicon roscoffensis RCC1871,Flora
Chloropicon roscoffensis RCC2335,Flora
Chrysanthemum indicum,Flora
Chrysanthemum indicum var. edule,Flora
Chrysanthemum x morifolium,Flora
Chrysocyon brachyurus,Fauna
Chrysodeixis includens,Fauna
Cicer arietinum,Flora
Cinchona calisaya,Flora
Cistanche tubulosa,Flora
Citrullus colocynthis,Flora
Citrullus lanatus,Flora
Citrus amblycarpa,Flora
Citrus australasica,Flora
Citrus cavaleriei,Flora
Citrus halimii,Flora
Citrus hanaju,Flora
Citrus hybrid cultivar,Flora
Citrus japonica,Flora
Citrus japonica var. margarita,Flora
Citrus limettioides,Flora
Citrus longispina,Flora
Citrus maxima,Flora
Citrus medica,Flora
Citrus nippokoreana,Flora
Citrus nobilis,Flora
Citrus reshni,Flora
Citrus reticulata,Flora
Citrus sinensis,Flora
Citrus sp. km081301,Flora
Citrus sp. ys041304,Flora
Citrus sp. ys110501,Flora
Citrus trifoliata,Flora
Citrus unshiu,Flora
Citrus webberi,Flora
Citrus x aurantiifolia,Flora
Citrus x aurantium,Flora
Citrus x limon,Flora
Citrus x microcarpa,Flora
Citrus x paradisi,Flora
Civettictis civetta,Fauna
Cladrastis kentukea,Flora
Clarkia gracilis subsp. sonomensis,Flora
Clavispora lusitaniae P1,Fungi
Clavispora lusitaniae P2,Fungi
Clavispora lusitaniae P3,Fungi
Clavispora lusitaniae P4,Fungi
Clavispora lusitaniae P5,Fungi
Clematis hybrid cultivar,Flora
Cleretum bellidiforme,Flora
Clitoria ternatea,Flora
Clitoria ternatea Mauve flowered line (WM),Flora
Clonorchis sinensis,Fauna
Coccidioides posadasii str. Silveira,Fungi
Coccomyxa sp. Obi,Flora
Codariocalyx motorius,Flora
Coffea arabica,Flora
Coffea canephora,Flora
Coix lacryma-jobi,Flora
Coleus scutellarioides,Flora
Colias eurytheme,Fauna
Colletotrichum destructivum CBS 520.97,Fungi
Colletotrichum graminicola,Fungi
Colletotrichum jinshuiense,Fungi
Colletotrichum lagenaria,Fungi
Colletotrichum lupini IMI 504893,Fungi
Consolida orientalis,Flora
Copaifera officinalis,Flora
Coptotermes formosanus,Fauna
Cordyceps militaris ATCC 34164,Fungi
Cordylochernes scorpioides,Fauna
Coregonus sp. balchen,Fauna
Crocosmia x crocosmiiflora,Flora
Crocus ancyrensis,Flora
Crocus sativus,Flora
Crocus sieberi,Flora
Crocuta crocuta,Fauna
Cryptococcus bacillisporus CA1280,Fungi
Cryptococcus decagattii 7685027,Fungi
Cryptococcus depauperatus CBS 7841,Fungi
Cryptococcus depauperatus CBS 7855,Fungi
Cryptococcus deuterogattii R265,Fungi
Cryptococcus gattii WM276,Fungi
Cryptococcus neoformans var. grubii H99,Fungi
Cryptococcus neoformans var. grubii KN99,Fungi
Cryptococcus neoformans var. neoformans JEC21,Fungi
Cryptococcus neoformans VNII,Fungi
Cryptococcus sp. DSM 104548,Fungi
Cryptococcus sp. DSM 104549,Fungi
Cryptosporidium parvum IOWA,Other
Cryptosporidium parvum IOWA-ATCC,Other
Cryptosporidium sp. 43IA8,Other
Ctenopharyngodon idella,Fauna
Cucumis melo subsp. melo,Flora
Cucumis sativus,Flora
Culex tarsalis,Fauna
Curcuma alismatifolia,Flora
Curvularia clavata yc1106,Fungi
Cutaneotrichosporon cavernicola HIS002,Fungi
Cutaneotrichosporon cavernicola HIS019,Fungi
Cutaneotrichosporon cavernicola HIS631,Fungi
Cutaneotrichosporon cavernicola HIS641,Fungi
Cutaneotrichosporon sp. HIS471,Fungi
Cyanidioschyzon merolae strain 10D,Other
Cyathus striatus CFCC 87405,Fungi
Cyberlindnera fabianii YJS4271,Fungi
Cyclamen persicum,Flora
Cyclamen purpurascens,Flora
Cyclocarya paliurus,Flora
Cymbidium floribundum,Flora
Cymbidium hybrid cultivar,Flora
Cymbidium sinense,Flora
Cyprideis torosa,Fauna
Dactylopius coccus,Fauna
Dahlia pinnata,Flora
Danio rerio,Fauna
Daphnia magna,Fauna
Daphnia pulex,Fauna
Darwinula stevensoni,Fauna
Daucus carota,Flora
Daucus carota subsp. sativus,Flora
Debaryomyces hansenii CBS767,Fungi
Deinostigma poilanei,Flora
Delphinapterus leucas,Fauna
Delphinium grandiflorum,Flora
Delphinus capensis,Fauna
Dendrobium catenatum,Flora
Dendrobium huoshanense,Flora
Dendrobium hybrid cultivar,Flora
Dendrobium nobile,Flora
Dendrobium officinale,Flora
Dendroctonus ponderosae,Fauna
Dentipellis fragilis DSM 105465,Fungi
Descurainia sophia,Flora
Diabrotica balteata,Fauna
Dianthus caryophyllus,Flora
Diaphorina citri,Fauna
Diaporthe liquidambaris B3,Fungi
Diatraea saccharalis,Fauna
Dicentrarchus labrax,Fauna
Dicrocoelium dendriticum,Fauna
Dictyostelium discoideum,Other
Dimocarpus longan,Flora
Dioryctria abietella,Fauna
Dioscorea alata,Flora
Dioscorea zingiberensis,Flora
Diospyros kaki,Flora
Diplacus aurantiacus,Flora
Drosophila affinis 0141.2,Fauna
Drosophila busckii,Fauna
Drosophila madeirensis RF1,Fauna
Drosophila melanogaster,Fauna
Drosophila miranda 0101.3,Fauna
Drosophila miranda 0101.7,Fauna
Drosophila miranda MA03.3,Fauna
Drosophila miranda MA28,Fauna
Drosophila miranda MSH22,Fauna
Drosophila pseudoobscura MV1,Fauna
Drosophila pseudoobscura MV18,Fauna
Drosophila pseudoobscura MV23,Fauna
Drosophila silvestris,Fauna
Drosophila simulans,Fauna
Echinacea purpurea,Flora
Echinocactus grusonii,Flora
Echinocactus horizonthalonius,Flora
Echinocactus horizonthalonius subsp. nicholii,Flora
Echinocactus horizonthalonius x Echinocactus platyacanthus,Flora
Echinocactus platyacanthus,Flora
Elaphurus davidianus,Fauna
Eleocharis dulcis,Flora
Eleutherococcus senticosus,Flora
Emydomyces testavorans 16-2883,Fungi
Epichloe festucae Fl1,Fungi
Epimedium koreanum,Flora
Epimedium pseudowushanense,Flora
Epimedium pubescens,Flora
Epimedium sagittatum,Flora
Epinephelus coioides,Fauna
Equus caballus,Fauna
Eremias argus,Fauna
Eremothecium cymbalariae DBVPG#7215,Fungi
Eremothecium gossypii ATCC 10895,Fungi
Eremothecium gossypii FDAG1,Fungi
Eremothecium sinecaudum ATCC 58844,Fungi
Erigeron breviscapus,Flora
Erysiphe neolycopersici,Fungi
Erythranthe lewisii,Flora
Erythronium umbilicatum,Flora
Eschenbachia blinii,Flora
Esox lucius,Fauna
Eubosmina coregoni,Fauna
Eucalyptus camaldulensis,Flora
Eucalyptus camphora,Flora
Eucalyptus cladocalyx,Flora
Eucalyptus grandis,Flora
Eucalyptus perriniana,Flora
Eucalyptus yarraensis,Flora
Eucommia ulmoides,Flora
Eulimnadia texana,Fauna
Eumetopias jubatus,Fauna
Euphorbia peplus,Flora
Eurycercus lamellatus,Fauna
Eustoma grandiflorum,Flora
Eutrema halophilum,Flora
Eutrema japonicum,Flora
Evadne anonyx,Fauna
Exobasidium rhododendri CBS101457,Fungi
Fagopyrum esculentum,Flora
Fagopyrum tataricum,Flora
Fallopia multiflora,Flora
Felis catus,Fauna
Ferocactus echidne,Flora
Ferocactus glaucescens,Flora
Ferocactus hamatacanthus,Flora
Ferocactus histrix,Flora
Ferocactus latispinus,Flora
Ferocactus lindsayi,Flora
Ferocactus pilosus,Flora
Ferocactus wislizeni,Flora
Ficus virens,Flora
Forsythia x intermedia,Flora
Fragaria chiloensis,Flora
Fragaria vesca,Flora
Fragaria vesca subsp. vesca,Flora
Fragaria x ananassa,Flora
Frankliniella occidentalis,Fauna
Fraxinus pennsylvanica,Flora
Freesia hybrid cultivar,Flora
Fritillaria imperialis,Flora
Fulvia fulva 2 4 5 9 11 IPO,Fungi
Fulvia fulva 2 4 9 11,Fungi
Fulvia fulva Race5_Kim,Fungi
Fundulus heteroclitus,Fauna
Fusarium acuminatum,Fungi
Fusarium culmorum Class2-1B,Fungi
Fusarium falciforme Fu3.1,Fungi
Fusarium fujikuroi Augusto2,Fungi
Fusarium fujikuroi CSV1,Fungi
Fusarium fujikuroi I1.3,Fungi
Fusarium fujikuroi IMI 58289,Fungi
Fusarium graminearum,Fungi
Fusarium graminearum KSU23473,Fungi
Fusarium graminearum KSU23522,Fungi
Fusarium graminearum PH-1,Fungi
Fusarium oxysporum Fo47,Fungi
Fusarium proliferatum CGMCC 3.4710,Fungi
Fusarium pseudograminearum Class2-1C,Fungi
Fusarium pseudograminearum Fp22-2,Fungi
Fusarium sambucinum,Fungi
Fusarium solani-melongenae CRI 24-3,Fungi
Fusarium sp. LE06,Fungi
Fusarium venenatum A3/5,Fungi
Gadus morhua NCC,Fauna
Galleria mellonella,Fauna
Gallus gallus,Fauna
Ganoderma boninense,Fungi
Garcinia mangostana,Flora
Gardenia jasminoides,Flora
Gastrodia elata,Flora
Gentiana crassicaulis,Flora
Gentiana hybrid cultivar,Flora
Gentiana rigescens,Flora
Gentiana scabra,Flora
Gentiana scabra var. buergeri,Flora
Gentiana triflora,Flora
Gesneria bicolor,Flora
Gesneria bracteosa,Flora
Gesneria celsioides,Flora
Gesneria christii,Flora
Gesneria clarensis,Flora
Gesneria earlei,Flora
Gesneria ekmanii,Flora
Gesneria fruticosa,Flora
Gesneria humilis,Flora
Gesneria pedicellaris,Flora
Gesneria pedunculosa,Flora
Gesneria purpurascens,Flora
Gesneria quisqueyana,Flora
Gesneria reticulata,Flora
Gesneria salicifolia,Flora
Gesneria sintenisii,Flora
Gesneria sp. 1 SJ-2017,Flora
Gesneria ventricosa subsp. ventricosa,Flora
Gesneria viridiflora,Flora
Gesneria viridiflora subsp. acrochordonanthe,Flora
Gesneria yamuriensis,Flora
Ginkgo biloba,Flora
Ginkgo biloba C3-13 Guangzhou,Flora
Glandularia x hybrida,Flora
Gleditsia microphylla,Flora
Gleditsia sinensis,Flora
Gleditsia triacanthos,Flora
Glomerella cingulata,Fungi
Glossina morsitans morsitans,Fauna
Glycine max,Flora
Glycine max A.K.,Flora
Glycine max CULTIVAR CHIN-REN-WOO-DOU,Flora
Glycine soja,Flora
Glycyrrhiza echinata,Flora
Glycyrrhiza glabra,Flora
Glycyrrhiza inflata,Flora
Glycyrrhiza lepidota,Flora
Glycyrrhiza uralensis,Flora
Glycyrrhiza uralensis 308-19,Flora
Glycyrrhiza uralensis 83-555,Flora
Glycyrrhiza uralensis Hokkaido-iryodai,Flora
Glyphodes pyloalis,Fauna
Gobiocypris rarus,Fauna
Gompholobium polymorphum,Flora
Gomphrena globosa,Flora
Gordionus sp. m RMFG-2023,Fauna
Gossypium hirsutum,Flora
Grampus griseus,Fauna
Gymnema sylvestre,Flora
Gynostemma pentaphyllum,Flora
Gynura bicolor,Flora
Gypsophila vaccaria,Flora
Haemonchus contortus Haecon-5,Fauna
Haloxylon ammodendron,Flora
Hanseniaspora menglaensis CBS 16921,Fungi
Hedera helix,Flora
Helianthus annuus,Flora
Helichrysum umbraculigerum,Flora
Helicoverpa armigera,Fauna
Helicoverpa armigera Toowoomba,Fauna
Helleborus thibetanus,Flora
Henningerozyma blattae CBS 6284 type strain:CBS 6284,Fungi
Hericium alpestre DSM 108284,Fungi
Hericium coralloides FP-101451,Fungi
Hericium erinaceus,Fungi
Hermetia illucens,Fauna
Heterobilharzia americana,Fauna
Hevea brasiliensis,Flora
Hibiscus sabdariffa,Flora
Hippopotamus amphibius,Fauna
Histoplasma capsulatum G186AR,Fungi
Histoplasma capsulatum var. duboisii H88,Fungi
Histoplasma capsulatum WU24,Fungi
Holotrichia parallela,Fauna
Homalocephala parryi,Flora
Homalocephala polycephala subsp. polycephala,Flora
Homalocephala polycephala subsp. xeranthemoides,Flora
Homalocephala texensis,Flora
Homo sapiens,Fauna
Hordeum vulgare,Flora
Hordeum vulgare subsp. vulgare,Flora
Hormonema carpetanum,Fungi
Hormonema carpetanum ATCC 74360,Fungi
Huiozyma naganishii CBS 8797 type strain:CBS 8797,Fungi
Humicola fuscoatra NRRL 22980,Fungi
Humulus lupulus,Flora
Hyaena hyaena,Fauna
Hypericum monogynum,Flora
Hypericum perforatum,Flora
Hyphantria cunea,Fauna
Hypocrella siamensis MTCC 10142,Fungi
Ictalurus furcatus,Fauna
Ictalurus punctatus,Fauna
Ilex asprella,Flora
Ilyocryptus agilis,Fauna
Incarvillea arguta,Flora
Incarvillea delavayi,Flora
Incarvillea lutea,Flora
Incarvillea sinensis,Flora
Incarvillea younghusbandii,Flora
Indigofera suffruticosa,Flora
Indigofera tinctoria,Flora
Indosasa hispida,Flora
Iphiclides podalirius,Fauna
Ipomoea alba,Flora
Ipomoea amnicola,Flora
Ipomoea aquatica,Flora
Ipomoea argillicola,Flora
Ipomoea batatas,Flora
Ipomoea cordatotriloba,Flora
Ipomoea diamantinensis,Flora
Ipomoea eriocarpa,Flora
Ipomoea hederacea,Flora
Ipomoea lobata,Flora
Ipomoea nil,Flora
Ipomoea nil KK/ZSK-2,Flora
Ipomoea nil Q144,Flora
Ipomoea nil Q856,Flora
Ipomoea obscura,Flora
Ipomoea ochracea,Flora
Ipomoea pes-caprae,Flora
Ipomoea pes-tigridis,Flora
Ipomoea platensis,Flora
Ipomoea plebeia,Flora
Ipomoea purpurea,Flora
Ipomoea purpurea YO/FP-39,Flora
Ipomoea quamoclit,Flora
Ipomoea saintronanensis,Flora
Ipomoea trifida,Flora
Ipomoea umbraticola,Flora
Ipomoea wrightii,Flora
Iris dichotoma,Flora
Iris domestica,Flora
Iris domestica / Belamcanda chinensis,Flora
Iris petrana,Flora
Iris sanguinea,Flora
Iris tectorum,Flora
Iris x hollandica,Flora
Isatis tinctoria,Flora
Isodon rubescens,Flora
Ixeris dentata var. albiflora,Flora
Jatropha curcas,Flora
Jatropha curcas Palawan,Flora
Juglans sigillata,Flora
Kalanchoe pinnata,Flora
Kalopanax septemlobus,Flora
Kazachstania africana CBS 2517,Fungi
Kerria lacca,Fauna
Kluyveromyces lactis CBS 2105,Fungi
Kluyveromyces lactis M-16,Fungi
Kluyveromyces lactis NBRC 1267,Fungi
Kluyveromyces lactis NRRL Y-1140,Fungi
Kluyveromyces marxianus CBS4857,Fungi
Kluyveromyces marxianus DMKU3-1042,Fungi
Kluyveromyces marxianus NBRC 1777,Fungi
Knipowitschia caucasica,Fauna
Kogia sima,Fauna
Komagataella pastoris ATCC 28485,Fungi
Komagataella phaffii ATCC 76273,Fungi
Komagataella phaffii CBS 7435,Fungi
Komagataella phaffii GS115,Fungi
Komagataella phaffii WT,Fungi
Kwoniella bestiolae CBS 10118,Fungi
Kwoniella botswanensis CBS 12716,Fungi
Kwoniella dejecticola CBS 10117,Fungi
Kwoniella dendrophila CBS 6074,Fungi
Kwoniella europaea PYCC6329,Fungi
Kwoniella heveanensis CBS 569,Fungi
Kwoniella pini CBS 10737,Fungi
Kwoniella shandongensis CBS 12478,Fungi
Kwoniella shivajii,Fungi
Kwoniella sp. B9012 B9013,Fungi
Kwoniella sp. CBS 6097,Fungi
Kwoniella sp. CBS 9459,Fungi
Kwoniella sp. DSM 27419,Fungi
Lablab purpureus,Flora
Lachancea thermotolerans CBS 6340,Fungi
Lactuca saligna,Flora
Lactuca sativa,Flora
Lagopus scotica,Fauna
Lamium galeobdolon,Flora
Lampetra fluviatilis,Fauna
Lampetra planeri,Fauna
Landoltia punctata,Flora
Larix kaempferi,Flora
Larus argentatus,Fauna
Lasius platythorax,Fauna
Lathyrus sativus,Flora
Laxitextum bicolor CBS 258.73,Fungi
Leishmania braziliensis M2309,Other
Leishmania braziliensis MHOM/BR/75/M2904,Other
Leishmania donovani,Other
Leishmania donovani BPK282A1,Other
Leishmania donovani LdCL,Other
Leishmania infantum,Other
Leishmania infantum JPCM5,Other
Leishmania major strain Friedlin,Other
Leishmania mexicana MHOM/GT/2001/U1103,Other
Leishmania panamensis MHOM/PA/94/PSC-1,Other
Lemna aequinoctialis,Flora
Leonurus japonicus,Flora
Leopardus colocolo,Fauna
Leopardus geoffroyi,Fauna
Leopardus tigrinus,Fauna
Leopardus wiedii,Fauna
Lepeophtheirus salmonis IoA-00,Fauna
Lepidurus arcticus,Fauna
Leptailurus serval,Fauna
Leptidea sinapis,Fauna
Leptodora kindtii,Fauna
Leuciscus waleckii,Fauna
Leucosporidium scottii,Fungi
Lichtheimia ramosa,Fungi
Ligusticum chuanxiong,Flora
Ligustrum lucidum,Flora
Ligustrum quihoui,Flora
Ligustrum robustum,Flora
Lilium hybrid cultivar,Flora
Linaria vulgaris,Flora
Linum trigynum,Flora
Linum usitatissimum,Flora
Lipotes vexillifer,Fauna
Lissorhoptrus oryzophilus,Fauna
Litchi chinensis,Flora
Lobelia erinus,Flora
Locusta migratoria,Fauna
Locusta migratoria migratoria,Fauna
Lodderomyces beijingensis CBS 14171,Fungi
Lodderomyces elongisporus NRRL YB-4239,Fungi
Lonicera japonica,Flora
Lonicera macranthoides,Flora
Lota lota,Fauna
Lotus japonicus,Flora
Lotus japonicus Gifu B-129,Flora
Loxostigma kurzii,Flora
Lupinus albus,Flora
Lupinus angustifolius,Flora
Lycium barbarum,Flora
Lycium barbarum var. auranticarpum,Flora
Lycium chinense,Flora
Lycium ruthenicum,Flora
Lycoris sprengeri,Flora
Lynceus sp. MCZ IZ 141354,Fauna
Lynx canadensis,Fauna
Lynx rufus,Fauna
Lysionotus pauciflorus,Flora
Macaca fascicularis,Fauna
Macaca mulatta,Fauna
Maclura pomifera,Flora
Macrothrix elegans,Fauna
Magnolia liliiflora,Flora
Malassezia arunalokei CBS 13387,Fungi
Malassezia brasiliensis CBS 14135,Fungi
Malassezia caprae CBS 10434,Fungi
Malassezia cuniculi CBS 11721,Fungi
Malassezia equina CBS 12830,Fungi
Malassezia furfur,Fungi
Malassezia japonica CBS 9431,Fungi
Malassezia nana CBS 9557,Fungi
Malassezia obtusa CBS 7876,Fungi
Malassezia psittaci CBS 14136,Fungi
Malassezia restricta CBS 7877,Fungi
Malassezia restricta KCTC 27527,Fungi
Malassezia sp. CBS 17886,Fungi
Malassezia sympodialis ATCC 42132,Fungi
Malassezia vespertilionis CBS 15041,Fungi
Malassezia yamatoensis CBS 9725,Fungi
Malus baccata,Flora
Malus domestica,Flora
Malus domestica x Pyrus communis,Flora
Malus hybrid cultivar,Flora
Malus pumila,Flora
Malus sieboldii,Flora
Malus toringoides,Flora
Malus trilobata,Flora
Mangifera indica,Flora
Manihot esculenta,Flora
Manis pentadactyla,Fauna
Marchantia emarginata,Flora
Marchantia paleacea,Flora
Marchantia polymorpha subsp. ruderalis Tak-1,Flora
Marchantia polymorpha subsp. ruderalis Takaragaike-1,Flora
Marchantia polymorpha subsp. ruderalis Takaragaike-2,Flora
Matthiola incana,Flora
Mayetiola destructor,Fauna
Medicago sativa,Flora
Medicago truncatula,Flora
Megafenestra aurita,Fauna
Melanogrammus aeglefinus,Fauna
Melanopsichium pennsylvanicum 4,Fungi
Meloidogyne graminicola,Fauna
Mentha x piperita,Flora
Merluccius merluccius,Fauna
Metarhizium brunneum 4556,Fungi
Meteorus pulchricornis Zhengjiang,Fauna
Metschnikowia aff. pulcherrima APC 1.2,Unknown
Miconia microphysca,Flora
Microcos paniculata,Flora
Micromonas commoda sp. RCC299,Flora
Mikania micrantha,Flora
Millerozyma farinosa CBS 7064,Fungi
Mirabilis jalapa,Flora
Mirounga angustirostris,Fauna
Mitragyna speciosa,Flora
Moesziomyces antarcticus,Fungi
Moesziomyces aphidis,Fungi
Moina brachiata,Fauna
Monascus purpureus KUPM5,Fungi
Monilinia vaccinii-corymbosi RL-1,Fungi
Monochamus alternatus,Fauna
Monosporozyma servazzii,Fungi
Monosporozyma unispora,Fungi
Morella rubra,Flora
Morus alba,Flora
Morus alba var. atropurpurea,Flora
Moschus moschiferus,Fauna
Mucor hiemalis CGMCC 3.14114,Fungi
Mucuna pruriens,Flora
Mus musculus,Fauna
Mus musculus C57BL/6J,Fauna
Musa acuminata AAA Group,Flora
Musa acuminata subsp. burmannicoides,Flora
Musa acuminata subsp. malaccensis Doubled-haploid Pahang (DH-Pahang),Flora
Musa acuminata var. zebrina,Flora
Musa banksii,Flora
Musa textilis,Flora
Musca domestica,Fauna
Musca domestica ALHF,Fauna
Muscari armeniacum,Flora
Mustela nigripes,Fauna
Mustela putorius furo,Fauna
Mya arenaria,Fauna
Mycosarcoma maydis,Fungi
Mythimna separata,Fauna
Myzus persicae,Fauna
Naegleria fowleri,Other
Nakaseomyces glabratus ATCC 2001,Fungi
Nakaseomyces glabratus B1012M,Fungi
Nakaseomyces glabratus BG2,Fungi
Nakaseomyces glabratus BG3993,Fungi
Nakaseomyces glabratus BG3994,Fungi
Nakaseomyces glabratus BG3995,Fungi
Nakaseomyces glabratus BG3996,Fungi
Nakaseomyces glabratus CBS 138,Fungi
Nakaseomyces glabratus CST110,Fungi
Nakaseomyces glabratus CST35,Fungi
Nakaseomyces glabratus EB0911Sto,Fungi
Nakaseomyces glabratus EF1237Blo1,Fungi
Nakaseomyces glabratus M12,Fungi
Nakaseomyces glabratus M7,Fungi
Nakaseomyces glabratus SAT_BAL01,Fungi
Nannochloropsis gaditana CCMP526,Other
Narcissus tazetta subsp. chinensis,Flora
Nardostachys jatamansi,Flora
Naumovozyma castellii CBS 4309 type strain:CBS 4309,Fungi
Naumovozyma dairenensis CBS 421 type strain:CBS 421,Fungi
Nemophila menziesii,Flora
Neophocaena phocaenoides,Fauna
Neospora caninum Liverpool,Other
Nepenthes ventricosa x Nepenthes alata,Flora
Nephelium costatum,Flora
Nephelium cuspidatum var. cuspidatum,Flora
Nephelium cuspidatum var. eriopetalum,Flora
Nephelium cuspidatum var. ophiodes,Flora
Nephelium cuspidatum var. robustum,Flora
Nephelium hamulatum,Flora
Nephelium lappaceum,Flora
Nephelium lappaceum var. pallens,Flora
Nephelium maingayi,Flora
Nephelium ramboutan-ake,Flora
Nephelium sp. ZAS009,Flora
Nesidiocoris tenuis Japan,Fauna
Neurospora crassa OR74A,Fungi
Nezara viridula,Fauna
Nicotiana attenuata,Flora
Nicotiana benthamiana,Flora
Nicotiana obtusifolia,Flora
Nicotiana tabacum,Flora
Nicotiana tabacum BY-2,Flora
Nierembergia sp. NB17,Flora
Nilaparvata lugens,Fauna
Nippostrongylus brasiliensis MIMR,Fauna
Nothapodytes tomentosa,Flora
Notodromas monacha,Fauna
Nymphaea colorata,Flora
Ocimum tenuiflorum,Flora
Octopus vulgaris,Fauna
Odontomachus monticola,Fauna
Odontosoria chusana,Flora
Oenanthe javanica,Flora
Oikopleura dioica,Fauna
Oldenlandia corymbosa var. corymbosa,Flora
Olea europaea,Flora
Olea europaea subsp. europaea,Flora
Onobrychis viciifolia,Flora
Opuntia ficus-indica,Flora
Orbilia oligospora ATCC 24927,Fungi
Oreochromis niloticus,Fauna
Ornithogalum saundersiae,Flora
Oryctolagus cuniculus,Fauna
Oryza brachyantha,Flora
Oryza glaberrima,Flora
Oryza minuta,Flora
Oryza nivara,Flora
Oryza officinalis,Flora
Oryza punctata,Flora
Oryza sativa,Flora
Oryza sativa Indica Group,Flora
Oryza sativa Japonica Group,Flora
Oryzias latipes ORANGE RED,Fauna
Oryzias latipes Orange-red,Fauna
Oryzias melastigma,Fauna
Osmanthus fragrans,Flora
Ostreococcus lucimarinus CCE9901,Flora
Ostrinia furnacalis,Fauna
Ostrinia furnacalis HF,Fauna
Ostrinia latipennis,Fauna
Ostrinia scapulalis,Fauna
Ovis aries,Fauna
Paeonia delavayi,Flora
Paeonia hybrid cultivar,Flora
Paeonia lactiflora,Flora
Paeonia lutea,Flora
Paeonia suffruticosa,Flora
Pan troglodytes,Fauna
Panax ginseng,Flora
Panax japonicus,Flora
Panax japonicus var. bipinnatifidus,Flora
Panax major,Flora
Panax notoginseng,Flora
Panax quinquefolius,Flora
Panax vietnamensis,Flora
Panax zingiberensis,Flora
Panicum virgatum,Flora
Panthera leo,Fauna
Panthera onca,Fauna
Panthera pardus,Fauna
Panthera tigris,Fauna
Panthera uncia,Fauna
Papilio polytes,Fauna
Papilio xuthus,Fauna
Papio anubis,Fauna
Parahyaena brunnea,Fauna
Parastagonospora nodorum SN15,Fungi
Paris polyphylla,Flora
Paris polyphylla var. chinensis,Flora
Paris polyphylla var. yunnanensis,Flora
Parrya nudicaulis,Flora
Paspalum notatum var. saurae,Flora
Pelobates cultripes,Fauna
Peltaster fructicola LNHT1506,Fungi
Penicillium chrysogenum,Fungi
Penicillium digitatum PdW03,Fungi
Penicillium psychrofluorescens,Fungi
Penicillium rubens Wisconsin 54-1255,Fungi
Penstemon barbatus,Flora
Perilla frutescens,Flora
Periplaneta americana,Fauna
Peronospora effusa,Other
Persicaria tinctoria,Flora
Petrocodon dealbatus,Flora
Petrocodon hancei,Flora
Petunia axillaris,Flora
Petunia x hybrida,Flora
Petunia x hybrida SURFINIA,Flora
Phaedon cochleariae,Fauna
Phaeodactylum tricornutum,Other
Phalacrocorax auritus,Fauna
Phalaenopsis equestris,Flora
Phalaenopsis hybrid cultivar,Flora
Phallusia mammillata,Fauna
Phaseolus lunatus,Flora
Phaseolus vulgaris,Flora
Phoca vitulina,Fauna
Phocarctos hookeri,Fauna
Phoma sp. F3723,Fungi
Phyllostachys edulis,Flora
Phyllostachys glauca,Flora
Phyllostachys prominens,Flora
Phyllotreta striolata,Fauna
Phytolacca americana,Flora
Picea abies,Flora
Picea glauca,Flora
Picea jezoensis,Flora
Picea mariana,Flora
Picea omorika,Flora
Picea sitchensis,Flora
Pichia angusta CBS4732,Fungi
Pichia kudriavzevii CBS573,Fungi
Picochlorum sp. SENEW3,Flora
Picrorhiza kurrooa,Flora
Pilosella officinarum,Flora
Pinus cembra,Flora
Pinus lambertiana,Flora
Pinus mugo,Flora
Pinus radiata,Flora
Pinus tabuliformis,Flora
Pinus taeda,Flora
Pinus yunnanensis,Flora
Pipistrellus nathusii,Fauna
Piromyces sp. A1,Fungi
Pistia stratiotes,Flora
Pisum sativum,Flora
Plagiochasma appendiculatum,Flora
Plasmodium berghei ANKA,Other
Plasmodium berghei K173,Other
Plasmodium berghei NK65 ny,Other
Plasmodium berghei NK65e,Other
Plasmodium berghei SP11 Antwerpcl1,Other
Plasmodium berghei SP11 RLL,Other
Plasmodium chabaudi adami DK,Other
Plasmodium chabaudi adami DS,Other
Plasmodium chabaudi chabaudi,Other
Plasmodium chabaudi chabaudi AJ,Other
Plasmodium chabaudi chabaudi CB,Other
Plasmodium coatneyi Hackeri,Other
Plasmodium falciparum,Other
Plasmodium falciparum 3D7,Other
Plasmodium gaboni,Other
Plasmodium knowlesi strain H,Other
Plasmodium malariae,Other
Plasmodium ovale,Other
Plasmodium reichenowi,Other
Plasmodium relictum SGS1,Other
Plasmodium sp.,Other
Plasmodium sp. DRC-Itaito,Other
Plasmodium sp. gorilla clade G1,Other
Plasmodium sp. gorilla clade G2,Other
Plasmodium sp. gorilla clade G3,Other
Plasmodium vinckei,Other
Plasmodium vinckei brucechwatti,Other
Plasmodium vinckei lentum,Other
Plasmodium vinckei petteri,Other
Plasmodium vinckei vinckei,Other
Plasmodium vivax,Other
Plasmodium yoelii 17X,Other
Plasmodium yoelii 17XNL,Other
Plasmodium yoelii YM,Other
Plasmodium yoelii yoelii,Other
Plasmodium yoelii yoelii 17XNL clone 1.1,Other
Platanista gangetica,Fauna
Platanus x hispanica,Flora
Platichthys flesus,Fauna
Plenodomus lingam,Fungi
Plenodomus lingam JN3 isolate M1,Fungi
Plenodomus lingam M1,Fungi
Pleuronectes platessa,Fauna
Plutella xylostella,Fauna
Pneumocystis wakefieldiae,Fungi
Podarcis lilfordi,Fauna
Podospora anserina S mat+,Fungi
Podospora comata,Fungi
Polygala tenuifolia,Flora
Polyphagotarsonemus latus,Fauna
Pongo abelii,Fauna
Populus deltoides,Flora
Populus deltoides x Populus tremuloides,Flora
Populus deltoides x Populus x canadensis,Flora
Populus fremontii x Populus angustifolia,Flora
Populus tomentosa,Flora
Populus tremula x Populus alba,Flora
Populus trichocarpa,Flora
Populus trichocarpa x Populus deltoides,Flora
Potamotrygon motoro,Fauna
Primulina alutacea,Flora
Primulina annamensis,Flora
Primulina argentea,Flora
Primulina baishouensis,Flora
Primulina balansae,Flora
Primulina beiliuensis,Flora
Primulina beiliuensis var. fimbribracteata,Flora
Primulina bicolor,Flora
Primulina bipinnatifida,Flora
Primulina bobaiensis,Flora
Primulina bogneriana,Flora
Primulina brachytricha,Flora
Primulina brassicoides,Flora
Primulina brunnea,Flora
Primulina bullata,Flora
Primulina cangwuensis,Flora
Primulina cardaminifolia,Flora
Primulina carinata,Flora
Primulina carnosifolia,Flora
Primulina cf. eburnea east,Flora
Primulina cf. eburnea west,Flora
Primulina chizhouensis,Flora
Primulina colaniae,Flora
Primulina confertiflora,Flora
Primulina cordata,Flora
Primulina cordifolia,Flora
Primulina cordistigma,Flora
Primulina crassirhizoma,Flora
Primulina crassituba,Flora
Primulina curvituba,Flora
Primulina danxiaensis,Flora
Primulina debaoensis,Flora
Primulina depressa,Flora
Primulina diffusa,Flora
Primulina dongguanica,Flora
Primulina drakei,Flora
Primulina dryas,Flora
Primulina duanensis,Flora
Primulina eburnea,Flora
Primulina fengkaiensis,Flora
Primulina fengshanensis,Flora
Primulina fimbrisepala,Flora
Primulina fimbrisepala var. mollis,Flora
Primulina flavimaculata,Flora
Primulina floribunda,Flora
Primulina fordii,Flora
Primulina fordii var. dolichotricha,Flora
Primulina glabrescens,Flora
Primulina glandaceistriata,Flora
Primulina glandulosa,Flora
Primulina gongchengensis,Flora
Primulina grandibracteata,Flora
Primulina guigangensis,Flora
Primulina guihaiensis,Flora
Primulina guizhongensis,Flora
Primulina halongensis,Flora
Primulina hedyotidea,Flora
Primulina heterochroa,Flora
Primulina heterotricha,Flora
Primulina hezhouensis,Flora
Primulina hiepii,Flora
Primulina hochiensis,Flora
Primulina huaijiensis,Flora
Primulina huangii,Flora
Primulina hunanensis,Flora
Primulina jianghuaensis,Flora
Primulina jiangyongensis,Flora
Primulina jingxiensis,Flora
Primulina jiuwanshanica,Flora
Primulina juliae,Flora
Primulina langshanica,Flora
Primulina latinervis,Flora
Primulina laxiflora,Flora
Primulina lechangensis,Flora
Primulina leeii,Flora
Primulina leiophylla,Flora
Primulina lepingensis,Flora
Primulina leprosa,Flora
Primulina lianpingensis,Flora
Primulina liboensis,Flora
Primulina liguliformis,Flora
Primulina lijiangensis,Flora
Primulina linearicalyx,Flora
Primulina linearifolia,Flora
Primulina lingchuanensis,Flora
Primulina linglingensis,Flora
Primulina linglingensis var. fragrans,Flora
Primulina liujiangensis,Flora
Primulina lobulata,Flora
Primulina longgangensis,Flora
Primulina longicalyx,Flora
Primulina longii,Flora
Primulina longzhouensis,Flora
Primulina lunglinensis,Flora
Primulina lunglinensis var. amblyosepala,Flora
Primulina lungzhouensis,Flora
Primulina luochengensis,Flora
Primulina lutea,Flora
Primulina lutescens,Flora
Primulina lutvittata,Flora
Primulina luzhaiensis,Flora
Primulina mabaensis,Flora
Primulina macrodonta,Flora
Primulina macrorhiza,Flora
Primulina maculata,Flora
Primulina maguanensis,Flora
Primulina malipoensis,Flora
Primulina medica,Flora
Primulina melanofilamenta,Flora
Primulina minor,Flora
Primulina minutimaculata,Flora
Primulina moi,Flora
Primulina mollifolia,Flora
Primulina multifida,Flora
Primulina nandanensis,Flora
Primulina napoensis,Flora
Primulina ningmingensis,Flora
Primulina obtusidentata,Flora
Primulina ophiopogoides,Flora
Primulina orthandra,Flora
Primulina parvifolia,Flora
Primulina pengii,Flora
Primulina petrocosmeoides,Flora
Primulina pinnata,Flora
Primulina pinnatifida,Flora
Primulina polycephala,Flora
Primulina porphyrea,Flora
Primulina pseudoeburnea,Flora
Primulina pseudoglandulosa,Flora
Primulina pseudoheterotricha,Flora
Primulina pseudolinearifolia,Flora
Primulina pseudomollifolia,Flora
Primulina pseudoroseoalba,Flora
Primulina pteropoda,Flora
Primulina pungentisepala,Flora
Primulina purpurea,Flora
Primulina qingyuanensis,Flora
Primulina renifolia,Flora
Primulina repanda,Flora
Primulina ronganensis,Flora
Primulina rongshuiensis,Flora
Primulina roseoalba,Flora
Primulina rosulata,Flora
Primulina rotundifolia,Flora
Primulina rubella,Flora
Primulina rubribracteata,Flora
Primulina sclerophylla,Flora
Primulina secundiflora,Flora
Primulina shouchengensis,Flora
Primulina sichuanensis,Flora
Primulina sinovietnamica,Flora
Primulina sp. 1 JLC-2016,Flora
Primulina sp. 1 JT-2014,Flora
Primulina sp. 1 MX-2019,Flora
Primulina sp. 10 JT-2014,Flora
Primulina sp. 11 JT-2014,Flora
Primulina sp. 12 JT-2014,Flora
Primulina sp. 13 JT-2014,Flora
Primulina sp. 14 JT-2014,Flora
Primulina sp. 15 JT-2014,Flora
Primulina sp. 16 JT-2014,Flora
Primulina sp. 17 JT-2014,Flora
Primulina sp. 18 JT-2014,Flora
Primulina sp. 19 JT-2014,Flora
Primulina sp. 2 JLC-2016,Flora
Primulina sp. 2 JT-2014,Flora
Primulina sp. 2 MX-2019,Flora
Primulina sp. 20 JT-2014,Flora
Primulina sp. 21 JT-2014,Flora
Primulina sp. 22 JT-2014,Flora
Primulina sp. 23 JT-2014,Flora
Primulina sp. 24 JT-2014,Flora
Primulina sp. 25 JT-2014,Flora
Primulina sp. 27 MK-2017,Flora
Primulina sp. 29 MK-2017,Flora
Primulina sp. 3 JLC-2016,Flora
Primulina sp. 3 JT-2014,Flora
Primulina sp. 30 MK-2017,Flora
Primulina sp. 31 MK-2017,Flora
Primulina sp. 32 MK-2017,Flora
Primulina sp. 33 MK-2017,Flora
Primulina sp. 34 MK-2017,Flora
Primulina sp. 35 MK-2017,Flora
Primulina sp. 4 JLC-2016,Flora
Primulina sp. 4 JT-2014,Flora
Primulina sp. 5 JLC-2016,Flora
Primulina sp. 5 JT-2014,Flora
Primulina sp. 6 JLC-2016,Flora
Primulina sp. 6 JT-2014,Flora
Primulina sp. 7 JT-2014,Flora
Primulina sp. 8 JT-2014,Flora
Primulina sp. 9 JT-2014,Flora
Primulina sp. 9 MX-2019,Flora
Primulina sp. JLC-2016a,Flora
Primulina sp. JLC-2016b,Flora
Primulina sp. MK-2017d,Flora
Primulina sp. MK-2017e,Flora
Primulina sp. MX-2019,Flora
Primulina sp. pulchurfolia,Flora
Primulina sp. subrhomboidea var. tribracteata,Flora
Primulina sp. yongxingensis,Flora
Primulina spadiciformis,Flora
Primulina spinulosa,Flora
Primulina subrhomboidea,Flora
Primulina subulata,Flora
Primulina subulata var. guilinensis,Flora
Primulina subulata var. yangchunensis,Flora
Primulina subulatisepala,Flora
Primulina suichuanensis,Flora
Primulina swinglei,Flora
Primulina tabacum,Flora
Primulina tenuifolia,Flora
Primulina tenuituba,Flora
Primulina tiandengensis,Flora
Primulina tribracteata,Flora
Primulina tsoongii,Flora
Primulina varicolor,Flora
Primulina verecunda,Flora
Primulina versicolor,Flora
Primulina vestita,Flora
Primulina villosissima,Flora
Primulina weii,Flora
Primulina wenii,Flora
Primulina wentsaii,Flora
Primulina wuae,Flora
Primulina xinningensis,Flora
Primulina xiuningensis,Flora
Primulina xiziae,Flora
Primulina yangchunensis,Flora
Primulina yangshanensis,Flora
Primulina yangshuoensis,Flora
Primulina yingdeensis,Flora
Primulina yungfuensis,Flora
Primulina zhoui,Flora
Prionailurus bengalensis,Fauna
Pristhesancus plagipennis,Fauna
Procyon lotor,Fauna
Profelis aurata,Fauna
Prosopis alba,Flora
Proteles cristata,Fauna
Prunus armeniaca,Flora
Prunus avium,Flora
Prunus brigantina,Flora
Prunus cerasifera,Flora
Prunus cerasus,Flora
Prunus domestica,Flora
Prunus dulcis,Flora
Prunus mume,Flora
Prunus persica,Flora
Prunus salicina,Flora
Pseudohyphozyma bogoriensis ATCC 18809,Fungi
Pseudopleuronectes yokohamae,Fauna
Pseudotsuga macrocarpa,Flora
Pseudotsuga menziesii,Flora
Pseudozyma flocculosa,Fungi
Psylliodes chrysocephala,Fauna
Puccinia triticina Pt15,Fungi
Pueraria montana var. lobata,Flora
Pueraria montana var. thomsonii,Flora
Puma concolor,Fauna
Puma concolor coryi,Fauna
Punica granatum,Flora
Purpureocillium takamizusanense PT3,Fungi
Pusa caspica,Fauna
Pyrenophora teres f. teres,Fungi
Pyricularia oryzae,Fungi
Pyricularia oryzae 70-15,Fungi
Pyrus communis,Flora
Pyrus pyrifolia,Flora
Pyrus ussuriensis,Flora
Pyrus x bretschneideri,Flora
Quercus aquifolioides,Flora
Quercus robur,Flora
Quillaja saponaria,Flora
Rangifer tarandus platyrhyncus,Fauna
Raphanus sativus,Flora
Rattus norvegicus,Fauna
Rattus norvegicus Fisher,Fauna
Rauvolfia serpentina,Flora
Rehmannia glutinosa,Flora
Rheum officinale,Flora
Rheum palmatum,Flora
Rhipicephalus sanguineus,Fauna
Rhizoctonia solani AG-1 IA,Fungi
Rhizopus japonicus,Fungi
Rhodiola crenulata,Flora
Rhodiola rosea,Flora
Rhodiola sachalinensis,Flora
Rhododendron x pulchrum,Flora
Rhodotorula toruloides CECT1137,Fungi
Rhopalosiphum padi,Fauna
Rhynchosporium commune WAI453,Fungi
Rhytidophyllum auriculatum,Flora
Rhytidophyllum bicolor,Flora
Rhytidophyllum bullatum,Flora
Rhytidophyllum crenulatum,Flora
Rhytidophyllum exsertum,Flora
Rhytidophyllum intermedium,Flora
Rhytidophyllum lomense,Flora
Rhytidophyllum minus,Flora
Rhytidophyllum onacaense,Flora
Rhytidophyllum rhodocalyx,Flora
Rhytidophyllum rupincola,Flora
Rhytidophyllum tomentosum,Flora
Rhytidophyllum vernicosum,Flora
Rhytidophyllum villosulum,Flora
Ribes aureum,Flora
Ribes nigrum,Flora
Ribes rubrum,Flora
Ribes uva-crispa,Flora
Rickenella mellea SZMC22713,Fungi
Riptortus pedestris,Fauna
Rivina humilis,Flora
Rosa hybrid cultivar,Flora
Rosa hybrid cultivar ASAMI RED,Flora
Rosa hybrid cultivar CARL RED,Flora
Rosa hybrid cultivar CRIMSON GLORY,Flora
Rosa rugosa,Flora
Rosa sp.,Flora
Rubia yunnanensis,Flora
Rubus chingii,Flora
Rubus chingii var. suavissimus,Flora
Rubus grayanus,Flora
Rubus hybrid cultivar,Flora
Rubus idaeus,Flora
Rubus palmatus,Flora
Saccharomyces cerevisiae AA1,Fungi
Saccharomyces cerevisiae BJ4,Fungi
Saccharomyces cerevisiae CEN.PK113-7D; CBS 8340,Fungi
Saccharomyces cerevisiae EC1118 Lalvin EC1118,Fungi
Saccharomyces cerevisiae EM14S01-3B,Fungi
Saccharomyces cerevisiae HLJ1,Fungi
Saccharomyces cerevisiae HN1,Fungi
Saccharomyces cerevisiae IMX2600,Fungi
Saccharomyces cerevisiae JXXY16.1,Fungi
Saccharomyces cerevisiae PE-2,Fungi
Saccharomyces cerevisiae S288C,Fungi
Saccharomyces cerevisiae SX2,Fungi
Saccharomyces cerevisiae XXYS1.4,Fungi
Saccharomyces cerevisiae Y55,Fungi
Saccharomyces cerevisiae YJM1078,Fungi
Saccharomyces cerevisiae YJM1083,Fungi
Saccharomyces cerevisiae YJM1129,Fungi
Saccharomyces cerevisiae YJM1133,Fungi
Saccharomyces cerevisiae YJM1190,Fungi
Saccharomyces cerevisiae YJM1199,Fungi
Saccharomyces cerevisiae YJM1202,Fungi
Saccharomyces cerevisiae YJM1208,Fungi
Saccharomyces cerevisiae YJM1242,Fungi
Saccharomyces cerevisiae YJM1244,Fungi
Saccharomyces cerevisiae YJM1248,Fungi
Saccharomyces cerevisiae YJM1250,Fungi
Saccharomyces cerevisiae YJM1252,Fungi
Saccharomyces cerevisiae YJM1273,Fungi
Saccharomyces cerevisiae YJM1304,Fungi
Saccharomyces cerevisiae YJM1307,Fungi
Saccharomyces cerevisiae YJM1311,Fungi
Saccharomyces cerevisiae YJM1326,Fungi
Saccharomyces cerevisiae YJM1332,Fungi
Saccharomyces cerevisiae YJM1336,Fungi
Saccharomyces cerevisiae YJM1338,Fungi
Saccharomyces cerevisiae YJM1341,Fungi
Saccharomyces cerevisiae YJM1342,Fungi
Saccharomyces cerevisiae YJM1355,Fungi
Saccharomyces cerevisiae YJM1356,Fungi
Saccharomyces cerevisiae YJM1381,Fungi
Saccharomyces cerevisiae YJM1383,Fungi
Saccharomyces cerevisiae YJM1385,Fungi
Saccharomyces cerevisiae YJM1386,Fungi
Saccharomyces cerevisiae YJM1387,Fungi
Saccharomyces cerevisiae YJM1388,Fungi
Saccharomyces cerevisiae YJM1389,Fungi
Saccharomyces cerevisiae YJM1399,Fungi
Saccharomyces cerevisiae YJM1400,Fungi
Saccharomyces cerevisiae YJM1401,Fungi
Saccharomyces cerevisiae YJM1402,Fungi
Saccharomyces cerevisiae YJM1415,Fungi
Saccharomyces cerevisiae YJM1417,Fungi
Saccharomyces cerevisiae YJM1418,Fungi
Saccharomyces cerevisiae YJM1419,Fungi
Saccharomyces cerevisiae YJM1433,Fungi
Saccharomyces cerevisiae YJM1434,Fungi
Saccharomyces cerevisiae YJM1439,Fungi
Saccharomyces cerevisiae YJM1443,Fungi
Saccharomyces cerevisiae YJM1444,Fungi
Saccharomyces cerevisiae YJM1447,Fungi
Saccharomyces cerevisiae YJM1450,Fungi
Saccharomyces cerevisiae YJM1460,Fungi
Saccharomyces cerevisiae YJM1463,Fungi
Saccharomyces cerevisiae YJM1477,Fungi
Saccharomyces cerevisiae YJM1478,Fungi
Saccharomyces cerevisiae YJM1479,Fungi
Saccharomyces cerevisiae YJM1526,Fungi
Saccharomyces cerevisiae YJM1527,Fungi
Saccharomyces cerevisiae YJM1549,Fungi
Saccharomyces cerevisiae YJM1573,Fungi
Saccharomyces cerevisiae YJM1574,Fungi
Saccharomyces cerevisiae YJM1592,Fungi
Saccharomyces cerevisiae YJM1615,Fungi
Saccharomyces cerevisiae YJM189,Fungi
Saccharomyces cerevisiae YJM193,Fungi
Saccharomyces cerevisiae YJM195,Fungi
Saccharomyces cerevisiae YJM244,Fungi
Saccharomyces cerevisiae YJM248,Fungi
Saccharomyces cerevisiae YJM270,Fungi
Saccharomyces cerevisiae YJM271,Fungi
Saccharomyces cerevisiae YJM320,Fungi
Saccharomyces cerevisiae YJM326,Fungi
Saccharomyces cerevisiae YJM428,Fungi
Saccharomyces cerevisiae YJM450,Fungi
Saccharomyces cerevisiae YJM451,Fungi
Saccharomyces cerevisiae YJM453,Fungi
Saccharomyces cerevisiae YJM456,Fungi
Saccharomyces cerevisiae YJM470,Fungi
Saccharomyces cerevisiae YJM541,Fungi
Saccharomyces cerevisiae YJM554,Fungi
Saccharomyces cerevisiae YJM555,Fungi
Saccharomyces cerevisiae YJM627,Fungi
Saccharomyces cerevisiae YJM681,Fungi
Saccharomyces cerevisiae YJM682,Fungi
Saccharomyces cerevisiae YJM683,Fungi
Saccharomyces cerevisiae YJM689,Fungi
Saccharomyces cerevisiae YJM693,Fungi
Saccharomyces cerevisiae YJM969,Fungi
Saccharomyces cerevisiae YJM972,Fungi
Saccharomyces cerevisiae YJM975,Fungi
Saccharomyces cerevisiae YJM978,Fungi
Saccharomyces cerevisiae YJM981,Fungi
Saccharomyces cerevisiae YJM984,Fungi
Saccharomyces cerevisiae YJM987,Fungi
Saccharomyces cerevisiae YJM990,Fungi
Saccharomyces cerevisiae YJM993,Fungi
Saccharomyces cerevisiae YJM996,Fungi
Saccharomyces eubayanus UCD646,Fungi
Saccharomyces eubayanus UCD650,Fungi
Saccharomyces kudriavzevii IFO 1802 IFO1802,Fungi
Saccharomyces kudriavzevii ZP591,Fungi
Saccharomyces mikatae IFO 1815 IFO1815,Fungi
Saccharomyces paradoxus CBS432,Fungi
Saccharomyces pastorianus CBS 1483,Fungi
Saccharomyces uvarum CBS7001,Fungi
Saccharomyces uvarum ZP964,Fungi
Saccharum hybrid cultivar R570,Flora
Saccharum hybrid cultivar SP80-3280,Flora
Salix purpurea,Flora
Salmo salar,Fauna
Salvelinus malma,Fauna
Salvia miltiorrhiza,Flora
Salvia plebeia,Flora
Saponaria officinalis,Flora
Sarcoptes scabiei,Fauna
Saussurea involucrata,Flora
Scapholeberis mucronata,Fauna
Scheffersomyces stipitis CBS 6054,Fungi
Schistosoma bovis,Fauna
Schistosoma curassoni,Fauna
Schistosoma guineensis,Fauna
Schistosoma haematobium,Fauna
Schistosoma intercalatum,Fauna
Schistosoma japonicum,Fauna
Schistosoma mansoni,Fauna
Schistosoma mansoni Puerto Rico,Fauna
Schistosoma margrebowiei,Fauna
Schistosoma mattheei,Fauna
Schistosoma rodhaini,Fauna
Schistosoma spindalis,Fauna
Schistosoma turkestanicum,Fauna
Schizosaccharomyces osmophilus CBS 15793,Fungi
Schizosaccharomyces pombe 972h-,Fungi
Sclerotinia sclerotiorum 1980 UF-70,Fungi
Scoparia dulcis,Flora
Scophthalmus maximus,Fauna
Scutellaria baicalensis,Flora
Scutellaria barbata,Flora
Scutellaria laeteviolacea var. yakusimensis,Flora
Secale cereale,Flora
Selenicereus monacanthus,Flora
Senna tora,Flora
Septoria linicola SE15195,Fungi
Serendipita indica DSM 11827,Fungi
Sesamum alatum,Flora
Sesamum indicum,Flora
Sesamum radiatum,Flora
Sesuvium portulacastrum,Flora
Sida crystallina,Fauna
Silene latifolia,Flora
Silene littorea,Flora
Simocephalus serrulatus,Fauna
Sinningia cardinalis,Flora
Sinningia speciosa,Flora
Sinopodophyllum hexandrum,Flora
Siraitia grosvenorii,Flora
Sitobion avenae,Fauna
Solanum aculeatissimum,Flora
Solanum berthaultii,Flora
Solanum chacoense,Flora
Solanum commersonii,Flora
Solanum demissum,Flora
Solanum lycopersicum,Flora
Solanum melongena,Flora
Solanum nigrum,Flora
Solanum phureja,Flora
Solanum pinnatisectum,Flora
Solanum sogarandinum,Flora
Solanum sparsipilum,Flora
Solanum spegazzinii,Flora
Solanum stoloniferum,Flora
Solanum tuberosum,Flora
Solanum verrucosum,Flora
Solea solea,Fauna
Sordaria araneosa ATCC 36386,Fungi
Sordaria macrospora SN1693,Fungi
Sorghum bicolor,Flora
Sorghum propinquum,Flora
Sousa chinensis,Fauna
Spatholobus suberectus,Flora
Sphagnum jensenii,Flora
Sphagnum troendelagicum,Flora
Sphenostylis stenocarpa,Flora
Spirodela intermedia,Flora
Spodoptera exigua,Fauna
Spodoptera frugiperda,Fauna
Spodoptera littoralis,Fauna
Spodoptera litura,Fauna
Spongipellis delectans,Fungi
Sporisorium reilianum f. sp. reilianum SRS1_H2-8,Fungi
Sporisorium reilianum SRZ2,Fungi
Sporisorium scitamineum SscI8,Fungi
Sporobolus stapfianus,Flora
Starmerella bombicola,Fungi
Starmerella bombicola ATCC 22214,Fungi
Starmerella bombicola ATCC 22214; NRRL Y-17069,Fungi
Stenella attenuata,Fauna
Stenella coeruleoalba,Fauna
Stevia rebaudiana,Flora
Streptocarpus ionanthus,Flora
Strigamia maritima,Fauna
Strobilanthes cusia,Flora
Strongyloides ratti ED321 Heterogonic,Fauna
Stylosanthes guianensis,Flora
Styphnolobium japonicum,Flora
Sugiyamaella lignohabitans CBS 10342,Fungi
Sungouiella intermedia CBS 141442,Fungi
Sungouiella intermedia PYCC 4715,Fungi
Sus scrofa,Fauna
Swinglea glutinosa,Flora
Syzygium malaccense,Flora
Tabernaemontana elegans,Flora
Talaromyces marneffei,Fungi
Talaromyces rugulosus W13939,Fungi
Taraxacum officinale,Flora
Tecomaria capensis,Flora
Tegillarca granosa,Fauna
Tetradesmus obliquus DOE0152z,Flora
Tetranychus cinnabarinus,Fauna
Tetranychus truncatus,Fauna
Tetranychus urticae,Fauna
Tetrapisispora phaffii CBS 4417,Fungi
Thecaphora frezii,Fungi
Theileria equi WA,Other
Theileria orientalis Fish Creek,Other
Theileria orientalis Goon Nure,Other
Theileria orientalis strain Shintoku,Other
Theobroma cacao,Flora
Thermothelomyces thermophilus ATCC 42464,Fungi
Thermothielavioides terrestris NRRL 8126,Fungi
Thlaspi arvense,Flora
Timema douglasi,Fauna
Timema shepardi,Fauna
Torenia fournieri,Flora
Torenia hybrid cultivar,Flora
Torulaspora delbrueckii type strain:CBS 1146,Fungi
Torulaspora globosa CBS2947,Fungi
Torulaspora globosa CBS764,Fungi
Triadica sebifera,Flora
Trialeurodes vaporariorum,Fauna
Trichinella spiralis,Fauna
Trichobilharzia regenti,Fauna
Trichobilharzia szidati,Fauna
Trichoderma asperellum FT101,Fungi
Trichoderma atroviride P1,Fungi
Trichoderma harzianum CBMAI-0179,Fungi
Trichoderma simmonsii GH-Sj1,Fungi
Trichoderma virens FT-333,Fungi
Trichoderma virens Gv29-8,Fungi
Trichomonas stableri BTPI-3,Other
Trifolium ambiguum,Flora
Trifolium isthmocarpum,Flora
Trifolium montanum subsp. humboldtianum,Flora
Trifolium montanum subsp. montanum,Flora
Trifolium nigrescens subsp. meneghinianum,Flora
Trifolium nigrescens subsp. nigrescens,Flora
Trifolium nigrescens subsp. petrisavii,Flora
Trifolium occidentale,Flora
Trifolium pratense,Flora
Trifolium repens,Flora
Trifolium subterraneum,Flora
Trifolium suffocatum,Flora
Trifolium uniflorum,Flora
Triops cancriformis,Fauna
Tripsacum dactyloides,Flora
Tripterygium wilfordii,Flora
Triticum aestivum,Flora
Triticum aestivum cv Kanzler,Flora
Trollius chinensis,Flora
Trypanosoma brucei brucei TREU927,Other
Trypanosoma brucei gambiense DAL972 Dal 927 clone 1 (MHOM/CI/86/DAL972),Other
Trypanosoma congolense IL3000,Other
Trypanosoma vivax Y486,Other
Tulipa fosteriana,Flora
Tulipa sp. WO2008034648,Flora
Tursiops aduncus,Fauna
Tursiops truncatus,Fauna
Tuta absoluta,Fauna
unidentified plant,Flora
Ursus maritimus,Fauna
Ursus thibetanus,Fauna
Urva javanica,Fauna
Ustilaginoidea virens UV-8b,Fungi
Ustilago bromivora UB2112,Fungi
Ustilago hordei Uh805,Fungi
Ustilago maydis 521,Fungi
Vaccinium ashei,Flora
Vaccinium corymbosum,Flora
Vaccinium myrtillus,Flora
Vaccinium uliginosum,Flora
Vanrija pseudolonga isolate DUCC4014,Fungi
Venturia effusa albino,Fungi
Veronica persica,Flora
Vicia faba,Flora
Vigna angularis,Flora
Vigna angularis var. angularis,Flora
Vigna mungo,Flora
Vigna radiata var. radiata,Flora
Vigna unguiculata,Flora
Vinca minor,Flora
Viola tricolor,Flora
Vitis amurensis,Flora
Vitis davidii,Flora
Vitis ficifolia var. ganebu,Flora
Vitis ficifolia var. ganebu x Vitis vinifera,Flora
Vitis hybrid cultivar,Flora
Vitis labrusca,Flora
Vitis labrusca x Vitis vinifera,Flora
Vitis quinquangularis,Flora
Vitis rotundifolia,Flora
Vitis vinifera,Flora
Vulpes vulpes,Fauna
Withania somnifera,Flora
Xanthocercis zambesiaca,Flora
Xanthophyllomyces dendrorhous,Fungi
Xenopus laevis,Fauna
Xenopus tropicalis,Fauna
Xenopus tropicalis N6 (Nigerian 6th generation inbred),Fauna
Xenopus tropicalis PopA,Fauna
Xenopus tropicalis TGA IC,Fauna
Xerospermum noronhianum,Flora
Xylotrechus quadripes,Fauna
Xyrichtys novacula,Fauna
Yamadazyma tenuis ATCC 10573,Fungi
Yarrowia lipolytica CLIB122,Fungi
Yarrowia lipolytica CLIB89(W29),Fungi
Yarrowia lipolytica DSM 3286,Fungi
Zanthoxylum piperitum,Flora
Zea diploperennis,Flora
Zea luxurians,Flora
Zea mays,Flora
Zea mays B73,Flora
Zea mays CI 31 A,Flora
Zea mays subsp. mexicana,Flora
Zinnia elegans,Flora
Ziziphus jujuba var. spinosa,Flora
Zygaena filipendulae,Fauna
Zygosaccharomyces bailii CLIB 213,Fungi
Zygosaccharomyces parabailii ATCC 60483,Fungi
Zygosaccharomyces rouxii CBS 732,Fungi
Zygotorulaspora mrakii NRRL Y-6702,Fungi
Zymoseptoria tritici ST99CH_1A5,Fungi
Zymoseptoria tritici ST99CH_1E4,Fungi
Zymoseptoria tritici ST99CH_3D1,Fungi
Zymoseptoria tritici ST99CH_3D7,Fungi
